nome,data_nascimento
Jennifer Farmer,1983-01-04
Kayla Lynn,1966-03-29
Carrie Ross,1978-02-19
Andrea Gonzalez,1993-01-21
Jennifer Burgess,1971-07-03
Amber Davis,2003-01-16
Molly Lambert,1972-06-17
Sonya Johnson,1980-07-19
Cynthia Perez,1956-02-04
Douglas Mathis,1962-11-16
Jennifer Johnston,1982-08-02
Kevin Silva,1956-12-30
Justin Hutchinson,2000-01-14
Walter Reed,1988-08-15
Bryan Callahan,1977-06-15
Cheryl Owens,1980-05-20
Melissa Johnson,1974-05-18
Peter Elliott,1999-04-16
Matthew Gutierrez,1961-09-21
Michelle Rivera,1994-03-18
Matthew Hawkins,1986-05-11
Michael Bowman,1961-02-20
John Gates,2003-02-19
Tamara Costa,1960-06-25
Steven Velasquez,1957-06-20
Natalie Keith,1968-11-29
Mark Jefferson,1986-12-19
Patricia Salazar,1976-04-25
Randy Murillo,1988-04-24
Mason Lawrence,1975-07-10
Anthony Bond,1964-12-08
Erika Smith,1959-02-10
Robert Thomas,1964-03-29
Alexis Hayden,1964-10-05
Lisa Thomas,1982-07-14
Dawn Roberts,1989-07-04
Michele Barker,1988-05-05
Jennifer Hendricks,1991-10-11
David Thomas,1958-01-07
Laura Herring,2002-01-17
Marvin Brandt,2000-04-30
Jill Ellis,1994-11-17
Jose Villegas,1997-10-05
Robert Whitehead,1992-03-12
Amy Anderson,1956-07-11
Samantha Schmidt,2002-08-19
Michael Morales,2006-07-14
John Harper,1955-04-27
Amber Martinez,1981-11-26
Paul White,1956-01-05
Lisa Thomas,1992-03-05
Gabriella Sanchez,2003-11-20
Scott Stokes,2005-09-17
Jeffrey Richardson,1966-11-22
Sarah Brown,1981-08-03
Connie Vargas,1997-12-14
Judith Rollins,1988-07-23
David Gonzalez,2000-08-04
Nathaniel Branch,1955-02-26
Antonio Bowers,1989-08-21
Amber Ferguson,1982-12-24
Jose Werner,1961-05-28
Sabrina Wilson,1977-10-20
Carla Spence,2004-01-17
Jordan Clark,1994-10-14
Jerry Soto,1966-09-22
Derek Juarez,2000-05-12
Michelle Baker,1973-10-08
Heather Smith,2003-11-17
Nathaniel Mccann,1957-10-20
Tracy Nichols,1999-04-10
Michelle Yu,1998-10-01
Sandy Hendrix,1971-03-05
Lori Patel,1986-01-16
Jessica Erickson,1957-12-04
Mackenzie Bates,2000-08-28
Brenda Ewing,1963-03-22
Deborah Guerrero,1974-12-19
Annette Ramirez,1986-05-02
Mr. Brian Thompson,1987-03-30
Dwayne Randall,2003-11-23
Mitchell Young,1983-05-21
Jacob Banks,1991-05-12
Mr. Jason Little,1982-07-06
Jeremy Aguirre,1973-08-16
Travis Kennedy,1976-06-10
James Young,1989-06-12
Michelle Caldwell MD,1955-12-14
Michael Ochoa,1974-07-09
Allison Hoffman,1957-10-14
Dylan Moore,1959-12-05
Chelsea King,1961-07-02
David Butler,1971-04-22
Michele Butler,1966-05-17
Nicole Nunez,1966-12-10
Erika Davidson,1982-08-11
Rachel Green,1975-03-15
Ruth Jackson,2005-07-03
Bradley Graham,1966-11-21
Joy Pena,1967-08-06
Shannon Johnson,1965-10-01
Jessica Johnson,1986-12-24
Joseph Stokes,1991-04-17
Michael Zamora,2001-04-05
Ashley Douglas,1994-09-02
Dr. Kayla Barnes,2000-06-27
Carolyn Petty,1974-09-02
Samantha Dean,1963-03-28
Luis Jenkins,1956-01-13
John Harrington,1999-04-08
Diana Gonzalez,1982-04-21
John Rivas,1978-04-18
James Smith,1958-10-22
Ernest Miller,1997-11-07
Jessica Smith,1971-08-26
Linda Ross,1984-08-21
Troy Hughes,1965-07-05
Elizabeth Young,1962-05-02
Leslie Bailey,1959-02-07
John Moore,1961-12-27
Louis Henderson,2004-04-15
Robert Wilson Jr.,1997-09-13
Gina Jackson,1958-12-17
Tracy Lewis,1977-09-09
Diana Douglas,1999-03-01
Shelby Hendrix,1962-02-15
John Stone,1956-12-12
Jocelyn Camacho,1982-07-28
Erica Johnson,1956-02-09
Kimberly Williams,2006-06-11
Sandra King,1965-02-25
Richard Ramirez,1958-08-16
Jason Bauer,1964-06-19
Dalton Morales,2003-11-28
Cody Underwood,1968-02-02
John Lewis,1987-08-12
Richard Pierce,1988-11-14
Charles Haynes MD,1980-11-17
Cassandra Howell,2005-05-20
Barbara Evans,1996-08-04
Laura Davis,2004-06-08
Jennifer Wong,1965-09-16
Bobby Carter,1966-02-18
Melissa Griffin,1991-12-04
Sean Wright,2003-12-22
Keith Vaughn,1958-09-24
Jermaine Lewis,1982-04-11
Julie Wagner,1965-04-04
William Joseph,2005-07-29
Joe Mcclain,1979-08-03
Jonathan Nelson,2002-03-26
Mrs. Kimberly Lambert DDS,1966-12-18
Diane Chavez,1961-08-02
Thomas Stephenson,1962-03-23
Christopher Henry,1986-05-21
Sean Smith,1988-08-06
Caleb Frazier,2001-08-03
Amy Tran,1973-04-13
Whitney Johnson,1996-09-09
Jacob Weber,1970-06-04
Dylan Rivera,1983-10-22
Richard Webb,2006-02-11
John Robinson,1964-05-25
Jessica Hall,1986-01-28
Heidi Ford,1966-04-05
Justin May,1965-07-16
Mary Alvarez,1981-01-31
Gregory Flowers,2004-01-22
Christian Nichols,2000-01-13
Justin Long,1972-08-12
Victoria Miller,1987-03-19
Ryan Rivera,1976-06-30
Kathy Brown,1966-11-06
Laura Bryant,1984-06-08
Garrett Lopez,1976-12-28
Jessica Mahoney,2003-03-19
Kathryn Jones,1999-07-06
Jason Ayala,1965-01-01
Dalton Hunter,1994-09-07
Trevor Wilcox,1965-07-12
Daniel Kemp,1996-07-31
Cindy Cowan,2006-06-10
Brian Swanson,1982-12-25
Donald Collins,1980-03-06
Christine Sanders,2001-07-10
Ray Ramos,1982-07-12
Jasmine Larsen,1984-12-01
Teresa Guzman,1965-01-05
Tracey Williams,1955-03-31
Rhonda Edwards,1964-10-09
Gregory Stanton,1957-08-28
Aaron Wilson,1979-10-15
Ana Powers,2003-05-21
Jill Herring,2000-10-18
Kathryn Burke,1998-08-15
Jacob Baker,1980-10-13
Lee Smith,2003-05-16
William Montoya,1973-11-23
Jackie Morgan,1988-04-18
Kristen Davis,1992-07-28
