titulo,data_lancamento,artista
Spend on.,2022-05-28,Lisa Thomas
Even why important.,2022-07-18,Mackenzie Bates
Shoulder whom.,2020-11-14,Jerry Soto
Security agreement.,2020-01-17,Paul White
Outside better own.,2021-10-09,Natalie Keith
Skin.,2024-10-13,Amy Tran
Year skill crime.,2021-12-20,Heather Smith
Choose entire.,2023-07-04,Charles Haynes MD
These alone management.,2021-04-19,Sarah Brown
Share purpose than.,2021-02-08,Jennifer Burgess
Agent imagine specific.,2021-04-14,Tracey Williams
Responsibility I.,2021-11-26,Travis Kennedy
Look chair.,2021-08-04,Gina Jackson
Actually chair.,2021-08-16,Jose Villegas
Nearly important protect.,2022-05-30,Jerry Soto
Month customer.,2023-06-03,Barbara Evans
Us middle.,2024-08-18,John Harrington
Partner politics.,2023-07-18,Kayla Lynn
Away determine.,2020-10-03,Heidi Ford
Child couple main.,2021-10-30,Ryan Rivera
Wife find north.,2024-08-19,Kathy Brown
Marriage thousand result.,2023-08-01,Brian Swanson
Career how.,2021-06-03,Douglas Mathis
Yet make.,2024-04-16,William Joseph
And.,2023-09-24,Richard Ramirez
Everybody loss have.,2021-12-23,Christopher Henry
Agent finish.,2021-06-08,Amy Tran
Structure city oil project.,2021-02-14,Jerry Soto
Rule small special.,2024-09-20,Jennifer Burgess
Still lawyer space.,2022-01-15,Nicole Nunez
Reason dream eye.,2020-10-18,Kimberly Williams
Special officer good.,2023-08-16,Lisa Thomas
Room.,2023-06-12,Mason Lawrence
Expert into office charge.,2023-12-20,Melissa Johnson
Whatever ground modern.,2021-09-30,Bobby Carter
Understand appear.,2021-09-24,Whitney Johnson
Recently where computer.,2023-12-23,Melissa Johnson
Describe road.,2020-03-18,Joseph Stokes
Until authority.,2022-08-23,Michael Bowman
Eight son.,2023-07-17,Teresa Guzman
Decision assume.,2023-03-02,Jason Bauer
Against culture prove major.,2020-07-15,Nicole Nunez
Accept clearly.,2021-04-02,Mitchell Young
Total.,2024-04-29,Michele Barker
Result suggest represent.,2022-04-24,Michele Butler
Behind look account.,2024-04-06,Justin May
Machine plan.,2022-05-04,Leslie Bailey
Well along.,2022-03-28,Ernest Miller
Attention next rule.,2024-04-15,Alexis Hayden
Sometimes true.,2021-04-05,Thomas Stephenson
Close grow.,2021-03-20,Jennifer Hendricks
Industry truth.,2020-07-27,Dwayne Randall
Behind network along.,2024-04-08,Gregory Stanton
Instead example run.,2024-08-20,Michele Barker
Budget or.,2022-11-28,John Lewis
Against age.,2024-05-22,Jose Villegas
Somebody like.,2022-11-06,Alexis Hayden
Control inside guess apply.,2020-12-02,Dr. Kayla Barnes
Claim court.,2021-11-25,Bobby Carter
Class what course knowledge.,2022-04-19,Michelle Baker
My off focus.,2022-12-03,Sabrina Wilson
Special.,2020-12-23,Walter Reed
Save growth whom.,2020-01-03,Dwayne Randall
Difference order analysis.,2020-06-14,Justin Hutchinson
Food marriage imagine.,2020-09-25,Elizabeth Young
Land daughter section.,2020-11-30,Jennifer Johnston
Drug day.,2024-07-18,Nicole Nunez
Second school.,2021-08-05,Julie Wagner
Name everyone.,2021-01-22,James Smith
Mrs newspaper.,2020-10-07,Tracy Lewis
Through arm daughter.,2020-09-12,Jennifer Hendricks
Impact wall nothing.,2020-10-02,Jordan Clark
Into safe Mr.,2023-03-24,Tracy Lewis
Understand trouble.,2023-03-17,Amber Ferguson
Nearly contain.,2023-03-13,Jerry Soto
Dinner.,2022-04-09,Nathaniel Mccann
Candidate various wear option.,2024-08-09,Steven Velasquez
Similar leader.,2021-10-03,Jasmine Larsen
Whole inside town.,2020-02-21,Nathaniel Mccann
Goal walk there.,2022-02-04,Robert Whitehead
At voice drive.,2021-10-14,Donald Collins
Test.,2024-07-03,Jennifer Farmer
Fine seven.,2022-08-04,Donald Collins
Common blood.,2024-04-15,Nathaniel Branch
Rich rise.,2021-04-12,Cynthia Perez
Wide less.,2020-02-04,Chelsea King
Need same source.,2020-05-08,Jennifer Johnston
Would similar.,2023-05-04,Matthew Hawkins
Perhaps yet.,2021-06-16,Sean Wright
Seek situation movement.,2023-12-08,Jeffrey Richardson
Audience support.,2020-06-22,John Stone
Wear speak issue.,2023-07-12,Shannon Johnson
Effect policy process.,2020-02-14,Ashley Douglas
Capital citizen.,2023-11-18,Kathryn Jones
Why two.,2024-03-17,Joseph Stokes
So day similar.,2024-02-12,Michael Bowman
Cell feeling.,2022-07-28,Rhonda Edwards
Add image.,2022-11-17,Michelle Baker
Community likely save.,2022-11-09,Brenda Ewing
Ground even.,2023-12-10,Gina Jackson
Save.,2023-05-28,Victoria Miller
Ok whose.,2022-03-03,Jennifer Burgess
Whose leg.,2021-11-17,Jacob Baker
Civil view.,2020-06-17,Chelsea King
Various charge offer.,2020-02-28,Lori Patel
Time child science.,2020-10-30,Anthony Bond
Shake spend trouble.,2021-07-20,Brian Swanson
Course behind.,2024-03-16,Kevin Silva
Marriage professor.,2021-12-12,John Rivas
Brother nor near.,2021-11-17,Samantha Dean
Government.,2020-04-08,Justin Long
Production me she.,2022-04-30,Jerry Soto
Community stop.,2021-06-24,Jacob Weber
Wonder age.,2023-12-23,Jennifer Burgess
Radio leader.,2021-10-01,Jacob Banks
Movement join.,2020-03-10,Dalton Hunter
Song space.,2023-11-12,Derek Juarez
Team than.,2020-01-05,Bryan Callahan
Share them guy.,2020-04-26,Matthew Gutierrez
Source buy memory culture.,2022-02-25,Molly Lambert
Help father continue.,2020-01-14,Erica Johnson
Total human main.,2023-08-28,Cheryl Owens
Attention.,2023-04-29,Jessica Smith
Blood everybody.,2023-11-18,Mark Jefferson
Who director American.,2022-06-30,Aaron Wilson
Conference country data feel.,2022-03-04,Dr. Kayla Barnes
School home.,2020-11-26,Heather Smith
Fly than remember.,2021-05-20,Garrett Lopez
Education cut.,2024-06-10,Antonio Bowers
West perhaps.,2021-04-20,Annette Ramirez
Within off if.,2023-02-13,Nicole Nunez
Agreement debate interesting.,2023-12-11,Brenda Ewing
Anything probably big.,2020-08-28,Steven Velasquez
Management wonder.,2023-05-26,Erika Davidson
Act where.,2020-07-18,Laura Davis
According likely pay.,2022-10-11,Michael Zamora
Big state.,2023-06-03,Dalton Hunter
World.,2021-12-08,John Lewis
Require detail.,2023-12-09,William Joseph
Everything these here.,2022-11-08,Justin May
Else.,2024-02-24,Walter Reed
Whether organization process.,2024-01-15,Travis Kennedy
Item stay.,2020-06-19,Joy Pena
Pull under clear.,2024-01-10,Natalie Keith
Tonight create ahead.,2024-06-21,John Gates
Tend always from.,2020-01-23,Matthew Hawkins
Market season.,2021-10-18,Steven Velasquez
Per special.,2022-07-07,Dylan Rivera
Range white.,2021-03-18,Carolyn Petty
Hour quickly.,2021-03-09,Diane Chavez
Again sound land.,2021-09-21,Laura Herring
Market Republican.,2021-08-13,Shelby Hendrix
Film budget factor.,2022-04-16,Kathryn Jones
Significant seem.,2021-04-22,Jennifer Burgess
Ready news.,2023-07-22,William Montoya
You go.,2022-08-17,Dalton Hunter
Maintain same necessary.,2022-11-29,James Young
Something term measure per.,2020-09-26,Sandy Hendrix
Since play American.,2023-10-19,Matthew Gutierrez
American run partner.,2022-04-04,Robert Thomas
Others since away.,2022-10-29,Caleb Frazier
Community year this.,2020-12-21,Justin May
City organization later.,2023-02-18,Amy Anderson
Movement understand.,2021-07-07,Tracy Lewis
Newspaper throw.,2023-12-04,Carrie Ross
Change what.,2023-01-15,Shannon Johnson
Building budget hundred.,2022-03-10,Luis Jenkins
Year example success.,2023-06-11,Cody Underwood
All play strategy.,2020-03-18,Heidi Ford
Care tax.,2020-11-13,Jacob Banks
That apply discuss.,2020-07-17,Richard Webb
Full concern.,2021-12-25,Troy Hughes
Year raise.,2020-11-20,Kevin Silva
About however they.,2024-10-17,Mitchell Young
Music election difference.,2020-10-30,Erica Johnson
Government particular machine.,2024-01-05,Diana Gonzalez
Fast teach again.,2020-02-08,Leslie Bailey
Listen dog often.,2020-12-04,Matthew Hawkins
Each.,2021-09-29,Mackenzie Bates
School miss.,2020-07-09,Mason Lawrence
Front certainly well.,2021-09-07,Matthew Gutierrez
Old anything necessary.,2021-12-04,Melissa Johnson
Tree protect argue.,2021-05-08,Amber Ferguson
Sister together.,2022-11-11,Alexis Hayden
Easy machine.,2023-10-10,Allison Hoffman
Key commercial.,2022-08-04,Ray Ramos
Lot level letter.,2020-09-02,Jerry Soto
Perhaps write which.,2024-09-21,Mason Lawrence
Despite remember.,2024-05-10,Mary Alvarez
Attention oil.,2024-08-05,Richard Webb
Republican share traditional.,2020-03-26,Shannon Johnson
Former impact challenge.,2022-11-11,Christian Nichols
General training.,2020-08-29,Robert Thomas
Attention able bank.,2023-12-11,Amber Davis
Everybody class hope.,2020-06-11,Amy Tran
Information five skin.,2023-04-15,Mason Lawrence
Human couple.,2024-07-10,John Harrington
Himself discover organization.,2020-06-10,Lee Smith
Although necessary.,2021-09-23,Erica Johnson
Two tough.,2021-12-25,Erica Johnson
