titulo,duracao,disco,artistas
Day according.,132,Help father continue.,['Kathy Brown']
Wear.,279,Result suggest represent.,"['Jessica Hall', 'Jose Villegas', 'Allison Hoffman']"
Black short.,152,Instead example run.,['John Harrington']
Force provide.,245,Control inside guess apply.,"['Carrie Ross', 'Gina Jackson', 'Steven Velasquez']"
Direction.,314,School home.,"['Michele Barker', 'Sabrina Wilson', 'Scott Stokes']"
Media.,301,Us middle.,['Jill Herring']
Former.,251,Shoulder whom.,"['Michael Zamora', 'Jocelyn Camacho', 'Heidi Ford']"
Onto fire.,359,Else.,"['Mackenzie Bates', 'Teresa Guzman', 'John Moore']"
Case.,291,Again sound land.,"['Michael Zamora', 'Jill Herring']"
Necessary increase.,271,Shoulder whom.,['Dylan Rivera']
Enjoy.,171,Skin.,['Joseph Stokes']
Determine line.,184,Within off if.,['Teresa Guzman']
Adult.,341,Movement understand.,"['Tracy Nichols', 'Michelle Baker']"
Simple national.,141,Away determine.,['Erika Smith']
Later.,195,Test.,"['Joseph Stokes', 'Mrs. Kimberly Lambert DDS', 'Diana Douglas']"
Plan spend.,350,Skin.,"['Nicole Nunez', 'Barbara Evans']"
Individual hand.,128,Total.,"['Ryan Rivera', 'Tracy Lewis']"
Mission.,184,Result suggest represent.,"['Dylan Moore', 'Gregory Flowers', 'Douglas Mathis']"
See.,284,Cell feeling.,"['Joy Pena', 'Brenda Ewing']"
Camera.,229,Tend always from.,['Jerry Soto']
Around forward.,168,Attention oil.,"['Rhonda Edwards', 'Michael Bowman', 'Keith Vaughn']"
Water cost.,187,Film budget factor.,"['Sean Wright', 'Luis Jenkins']"
Without letter.,213,Name everyone.,['Shannon Johnson']
Rise charge.,236,Share them guy.,"['Jennifer Hendricks', 'Trevor Wilcox']"
Security.,357,Conference country data feel.,"['David Gonzalez', 'Chelsea King', 'Troy Hughes']"
We.,149,Difference order analysis.,"['Jacob Banks', 'Jason Ayala', 'Lisa Thomas']"
Evidence.,334,Audience support.,"['Mary Alvarez', 'Ashley Douglas', 'Molly Lambert']"
Audience.,355,Perhaps write which.,"['Gina Jackson', 'Garrett Lopez', 'Charles Haynes MD']"
Social stop.,205,At voice drive.,['Whitney Johnson']
Yeah I.,222,Save.,"['Cody Underwood', 'John Rivas', 'Diane Chavez']"
Meeting detail.,240,Even why important.,"['Caleb Frazier', 'Paul White']"
These structure.,314,Each.,['Tamara Costa']
True of.,356,Responsibility I.,"['Michael Bowman', 'Christopher Henry', 'Jason Ayala']"
Until.,124,Range white.,['Julie Wagner']
Seat sort.,334,Republican share traditional.,['Richard Pierce']
Toward wife.,246,Actually chair.,"['John Stone', 'Mr. Brian Thompson', 'Sandy Hendrix']"
First.,175,Key commercial.,['Lisa Thomas']
Early real.,227,Film budget factor.,['Diana Gonzalez']
Close action.,260,Community stop.,"['Jose Villegas', 'Caleb Frazier', 'Michael Morales']"
Race.,220,Song space.,['Lori Patel']
Doctor.,292,Child couple main.,['Melissa Johnson']
Economic.,208,Whatever ground modern.,"['James Young', 'Dylan Rivera', 'Matthew Hawkins']"
Company.,332,Range white.,['William Joseph']
Event.,189,Yet make.,['Jessica Mahoney']
Off boy.,128,Civil view.,"['Tracy Lewis', 'Annette Ramirez', 'John Robinson']"
Difficult natural.,191,You go.,['Nicole Nunez']
Choice.,288,Anything probably big.,"['Ernest Miller', 'John Harrington', 'Dalton Hunter']"
Agency.,321,Effect policy process.,"['Melissa Griffin', 'Dwayne Randall', 'Kathy Brown']"
She.,297,Source buy memory culture.,['Ryan Rivera']
Reach will.,301,Why two.,"['Derek Juarez', 'Ryan Rivera', 'Samantha Schmidt']"
West again.,204,School home.,"['Anthony Bond', 'Randy Murillo', 'Lori Patel']"
Game.,314,Total.,"['Dylan Rivera', 'Cynthia Perez']"
Under.,158,Key commercial.,"['Whitney Johnson', 'Erica Johnson', 'Antonio Bowers']"
Develop.,224,My off focus.,"['Dalton Hunter', 'Steven Velasquez', 'Shelby Hendrix']"
Minute degree.,340,Even why important.,"['Jermaine Lewis', 'Jacob Banks']"
View.,348,Reason dream eye.,['Carla Spence']
Resource.,197,Partner politics.,['Christopher Henry']
Front win.,273,Help father continue.,['Michele Barker']
Any.,312,Perhaps write which.,"['Richard Pierce', 'Nathaniel Mccann']"
Purpose office.,195,Instead example run.,"['Shelby Hendrix', 'Caleb Frazier', 'Lisa Thomas']"
One him.,216,Name everyone.,['James Smith']
Woman.,185,Land daughter section.,['Sonya Johnson']
Your work.,262,Pull under clear.,['Garrett Lopez']
Sister outside.,135,These alone management.,['James Smith']
Trouble pattern.,215,Land daughter section.,"['Scott Stokes', 'Diane Chavez']"
It old.,359,Skin.,"['Brian Swanson', 'Nathaniel Branch']"
Information recent.,182,Maintain same necessary.,"['Jacob Weber', 'Ana Powers', 'Jill Ellis']"
Buy any.,175,Year example success.,"['Deborah Guerrero', 'Dr. Kayla Barnes']"
Tree.,282,Brother nor near.,['Shelby Hendrix']
Simply quickly.,245,Need same source.,"['Linda Ross', 'Cheryl Owens']"
Much.,252,Anything probably big.,['Donald Collins']
Anyone.,274,Even why important.,"['Dalton Morales', 'Amy Anderson', 'John Robinson']"
Wind support.,232,Second school.,"['Ryan Rivera', 'Dylan Moore', 'Rhonda Edwards']"
Determine benefit.,338,Human couple.,"['Kevin Silva', 'Patricia Salazar', 'Louis Henderson']"
Carry.,322,Whose leg.,"['Jessica Erickson', 'William Joseph']"
Evening.,296,Anything probably big.,"['John Gates', 'Jose Werner']"
Speech.,203,Common blood.,['Allison Hoffman']
Produce.,184,And.,['Connie Vargas']
Well.,154,Agent imagine specific.,['Amber Davis']
Generation shoulder.,286,Effect policy process.,"['Diana Gonzalez', 'Heidi Ford']"
Option area.,240,Market season.,"['Sabrina Wilson', 'Tracey Williams']"
Fall.,151,Name everyone.,['John Lewis']
Your operation.,316,Sister together.,"['Troy Hughes', 'Dawn Roberts', 'Carla Spence']"
Bring.,219,Change what.,['Erika Smith']
Miss room.,223,Brother nor near.,['Jerry Soto']
Out.,257,My off focus.,"['Peter Elliott', 'Gina Jackson', 'Dawn Roberts']"
Enough.,248,Capital citizen.,"['Cassandra Howell', 'Randy Murillo', 'Sean Smith']"
Free management.,232,Agent finish.,"['Cindy Cowan', 'Jessica Erickson']"
Whose.,263,Key commercial.,"['Garrett Lopez', 'Robert Thomas']"
Pretty civil.,231,Radio leader.,"['Robert Wilson Jr.', 'Melissa Griffin']"
Company.,180,Year example success.,"['Jermaine Lewis', 'Whitney Johnson']"
Seat.,200,Course behind.,"['Ray Ramos', 'Elizabeth Young']"
Congress.,144,Describe road.,"['Matthew Hawkins', 'Derek Juarez', 'Richard Ramirez']"
It.,325,Outside better own.,"['Mary Alvarez', 'Robert Thomas']"
Whatever design.,136,Even why important.,['Michelle Yu']
Seek.,327,Ok whose.,"['Jacob Weber', 'Cynthia Perez', 'Steven Velasquez']"
Board organization.,161,Within off if.,"['Deborah Guerrero', 'Randy Murillo', 'Michelle Yu']"
Child.,211,Child couple main.,"['Douglas Mathis', 'Jessica Erickson']"
Second.,196,Agent finish.,['Amy Anderson']
Whatever two.,173,Else.,"['Tracy Lewis', 'William Joseph', 'Jose Villegas']"
Any.,276,Again sound land.,['Mark Jefferson']
South.,309,Impact wall nothing.,"['Carolyn Petty', 'Ana Powers']"
Similar.,184,Decision assume.,"['Diana Gonzalez', 'Dawn Roberts']"
Still.,250,Time child science.,"['Jason Bauer', 'Jocelyn Camacho']"
Force.,345,Save.,['Deborah Guerrero']
You movie.,257,Partner politics.,"['Jeffrey Richardson', 'Chelsea King']"
Say.,170,Himself discover organization.,"['Christopher Henry', 'Dalton Hunter', 'Rhonda Edwards']"
Rock.,245,Movement join.,"['Louis Henderson', 'Michelle Yu', 'Travis Kennedy']"
Go card.,354,Movement understand.,"['Michelle Rivera', 'Joseph Stokes', 'John Gates']"
Beat run.,149,Fine seven.,"['Cheryl Owens', 'Aaron Wilson']"
Fear.,254,Course behind.,"['Shelby Hendrix', 'Jessica Hall', 'John Harrington']"
Try write.,231,American run partner.,"['Jerry Soto', 'Laura Davis']"
Student.,353,Fly than remember.,"['Lee Smith', 'Donald Collins']"
Area defense.,301,Why two.,"['Robert Thomas', 'Molly Lambert', 'Joseph Stokes']"
Indicate than.,158,Result suggest represent.,['Cody Underwood']
Run sure.,292,Rich rise.,['Donald Collins']
Require decision.,342,According likely pay.,['Tamara Costa']
Continue.,270,Full concern.,['David Gonzalez']
Cover party.,125,You go.,"['Annette Ramirez', 'Richard Ramirez', 'Erika Smith']"
Say while.,236,Civil view.,"['John Rivas', 'Patricia Salazar', 'Jackie Morgan']"
Recent even.,224,That apply discuss.,"['Lori Patel', 'Cynthia Perez']"
Movie network.,305,Act where.,"['John Rivas', 'Christine Sanders', 'Alexis Hayden']"
Become.,294,That apply discuss.,['David Gonzalez']
Oil you.,215,Key commercial.,"['Robert Thomas', 'Shannon Johnson']"
Middle product.,259,Ground even.,['Heather Smith']
Painting get.,145,Movement join.,['Jermaine Lewis']
Goal point.,323,Fly than remember.,['Anthony Bond']
Yes.,180,Lot level letter.,"['Robert Wilson Jr.', 'Jocelyn Camacho', 'Jerry Soto']"
Seven production.,221,Wonder age.,"['Heidi Ford', 'Mr. Brian Thompson', 'Richard Ramirez']"
Chance end.,244,Key commercial.,"['Deborah Guerrero', 'Linda Ross', 'Nicole Nunez']"
On.,162,Share them guy.,"['Erica Johnson', 'Dylan Moore', 'Matthew Hawkins']"
Whole.,316,Attention.,"['Shannon Johnson', 'Sandra King', 'Nicole Nunez']"
Special.,216,Others since away.,"['Randy Murillo', 'Ashley Douglas']"
Probably employee.,281,Attention.,['Linda Ross']
Guess how.,134,Behind network along.,['Jill Herring']
Budget.,292,Ready news.,['Judith Rollins']
Surface.,298,Food marriage imagine.,['Lori Patel']
Address base.,214,Hour quickly.,"['Cheryl Owens', 'Robert Thomas', 'Jennifer Wong']"
Knowledge.,169,Against culture prove major.,"['Ray Ramos', 'Michele Butler', 'Jessica Johnson']"
Paper.,241,Look chair.,"['Christian Nichols', 'David Butler', 'Sandra King']"
Agent.,201,Goal walk there.,"['John Gates', 'John Lewis']"
Example red.,297,Agent finish.,"['Carrie Ross', 'Douglas Mathis', 'Jermaine Lewis']"
Operation life.,251,Special officer good.,['Annette Ramirez']
Note return.,260,Common blood.,"['Allison Hoffman', 'John Rivas']"
Decade land.,256,Attention next rule.,['Caleb Frazier']
Until charge.,272,Year example success.,['Keith Vaughn']
Project.,314,School miss.,"['Lee Smith', 'Jacob Weber']"
Support produce.,135,That apply discuss.,['Elizabeth Young']
Win.,233,Even why important.,['Jason Ayala']
Big image.,168,Partner politics.,"['Lee Smith', 'Molly Lambert']"
Career whole.,284,Into safe Mr.,"['Anthony Bond', 'Victoria Miller']"
Three significant.,195,Market season.,"['Jason Ayala', 'Ernest Miller']"
When room.,130,Shoulder whom.,['Robert Wilson Jr.']
While.,287,General training.,['Jennifer Wong']
Heavy.,126,Against culture prove major.,"['Ana Powers', 'Leslie Bailey']"
Detail.,358,Second school.,"['Gabriella Sanchez', 'Nicole Nunez', 'Mr. Jason Little']"
Be white.,225,Market Republican.,"['Andrea Gonzalez', 'Kathryn Jones']"
Personal stand.,238,Understand appear.,"['Kayla Lynn', 'William Joseph', 'Christine Sanders']"
South fire.,190,Tree protect argue.,['Anthony Bond']
Arrive.,331,Choose entire.,['Lori Patel']
Care Democrat.,213,Goal walk there.,"['Whitney Johnson', 'Patricia Salazar', 'Justin Hutchinson']"
Room.,278,Anything probably big.,"['Gina Jackson', 'Dylan Moore']"
Bad for.,188,Well along.,['Gabriella Sanchez']
Example indeed.,337,Source buy memory culture.,"['Amy Tran', 'Judith Rollins']"
At story.,193,Similar leader.,"['Keith Vaughn', 'Cheryl Owens', 'Jessica Hall']"
Direction baby.,295,School home.,"['Louis Henderson', 'Diana Douglas']"
Face.,353,Goal walk there.,"['Jill Herring', 'David Butler']"
Music relate.,194,Audience support.,"['Amber Ferguson', 'Christian Nichols', 'Joe Mcclain']"
Pm money.,227,Himself discover organization.,"['Daniel Kemp', 'David Gonzalez']"
Training manager.,252,Course behind.,"['Nathaniel Mccann', 'Carrie Ross', 'Paul White']"
People voice.,278,Fine seven.,"['Diana Douglas', 'Lisa Thomas', 'Mrs. Kimberly Lambert DDS']"
Necessary.,231,Something term measure per.,['Mr. Jason Little']
Heart.,296,Wonder age.,"['John Gates', 'Dalton Hunter']"
Enough young.,198,Save growth whom.,['Samantha Schmidt']
Check.,131,Behind network along.,"['Gregory Stanton', 'Jacob Banks', 'Erika Smith']"
Economy agent.,348,Front certainly well.,"['Diane Chavez', 'William Montoya']"
Culture.,238,Class what course knowledge.,['William Montoya']
Service like.,221,Behind network along.,"['Justin Long', 'Jermaine Lewis', 'John Robinson']"
Job.,331,Care tax.,['Justin Hutchinson']
Rich side.,165,Child couple main.,"['Patricia Salazar', 'Cody Underwood', 'Tracy Lewis']"
Result.,324,Share purpose than.,"['Michael Bowman', 'Patricia Salazar']"
Economic.,279,Building budget hundred.,"['James Young', 'Jessica Smith']"
Something wish.,131,World.,"['Anthony Bond', 'Teresa Guzman', 'Dr. Kayla Barnes']"
Finish condition.,237,My off focus.,"['Cindy Cowan', 'Randy Murillo']"
But for.,161,World.,"['Alexis Hayden', 'Jordan Clark']"
Side former.,204,Away determine.,['Jacob Weber']
Fund.,156,Pull under clear.,"['Elizabeth Young', 'John Lewis']"
Performance.,285,Drug day.,['Diane Chavez']
Rate.,274,Human couple.,"['Kayla Lynn', 'Heidi Ford']"
Pass.,160,Mrs newspaper.,"['Gregory Flowers', 'Michele Butler', 'Jerry Soto']"
General gun.,233,Still lawyer space.,"['Jasmine Larsen', 'Aaron Wilson']"
Rise.,315,Conference country data feel.,"['Barbara Evans', 'Jessica Mahoney', 'Melissa Johnson']"
Wrong major.,330,Everybody loss have.,"['Justin Long', 'Ernest Miller']"
Head.,316,Would similar.,['Mason Lawrence']
Spring.,329,Share purpose than.,"['Gabriella Sanchez', 'Laura Bryant']"
Able.,158,Song space.,"['Joy Pena', 'Tamara Costa', 'Cassandra Howell']"
Election.,212,General training.,"['Judith Rollins', 'Nicole Nunez']"
Floor.,228,Structure city oil project.,"['Kathy Brown', 'Jermaine Lewis', 'Kayla Lynn']"
Tell.,314,Attention.,['Charles Haynes MD']
Growth.,244,Care tax.,"['Joe Mcclain', 'Jasmine Larsen', 'David Butler']"
Best then.,229,So day similar.,['Shannon Johnson']
Month.,126,Drug day.,"['Nicole Nunez', 'Richard Pierce']"
Detail recent.,283,Name everyone.,"['John Stone', 'Barbara Evans']"
Whatever discover.,252,Within off if.,"['Mary Alvarez', 'Matthew Hawkins']"
Political report.,167,Even why important.,"['Nicole Nunez', 'Michelle Caldwell MD']"
Yard.,243,Reason dream eye.,"['Tracey Williams', 'Jordan Clark', 'David Gonzalez']"
Fact.,168,Year example success.,['Thomas Stephenson']
Usually media.,301,Understand trouble.,"['Michele Barker', 'Ryan Rivera', 'Michele Barker']"
Area person.,318,Understand appear.,"['Justin May', 'Robert Whitehead']"
Clear move.,346,Shake spend trouble.,"['Lisa Thomas', 'Jill Ellis', 'Anthony Bond']"
Newspaper firm.,297,Eight son.,"['Scott Stokes', 'Richard Ramirez']"
Expect.,317,Two tough.,['Lisa Thomas']
Finish.,196,Security agreement.,"['Michelle Baker', 'Scott Stokes']"
Force.,356,Attention able bank.,['Justin Hutchinson']
Discuss fear.,193,Fine seven.,"['John Rivas', 'David Thomas', 'Randy Murillo']"
Blue.,342,Movement join.,"['Sandy Hendrix', 'Matthew Gutierrez', 'Ruth Jackson']"
Blue action.,320,Cell feeling.,"['John Harrington', 'Laura Davis']"
Democrat us.,139,Year raise.,"['Chelsea King', 'Diana Gonzalez', 'Cheryl Owens']"
Friend.,272,Market season.,"['Mrs. Kimberly Lambert DDS', 'Victoria Miller', 'Michael Morales']"
Others.,152,Look chair.,['Jennifer Hendricks']
Lay.,280,Human couple.,"['John Rivas', 'Victoria Miller', 'Louis Henderson']"
Center.,286,Time child science.,"['Jill Herring', 'Louis Henderson']"
Weight.,264,Course behind.,"['Chelsea King', 'Sandra King']"
Two.,292,Act where.,"['Tracy Nichols', 'Deborah Guerrero', 'Jasmine Larsen']"
Ability apply.,265,Film budget factor.,['Michael Bowman']
Second sound.,186,Eight son.,"['John Stone', 'Louis Henderson', 'Michelle Caldwell MD']"
Rich.,153,Total.,['Gina Jackson']
See perform.,319,Room.,"['Richard Ramirez', 'Scott Stokes', 'Jacob Banks']"
Raise.,151,Responsibility I.,"['John Stone', 'Molly Lambert']"
Stand return.,218,Listen dog often.,['Barbara Evans']
Bag half.,313,Well along.,"['Patricia Salazar', 'Gregory Flowers']"
Possible.,238,Since play American.,['Jennifer Wong']
Stock population.,322,Brother nor near.,"['Joseph Stokes', 'Melissa Johnson']"
Senior recognize.,247,Human couple.,"['Sonya Johnson', 'James Young', 'John Rivas']"
Present rest.,124,Brother nor near.,"['Ray Ramos', 'Jennifer Hendricks']"
They idea.,219,Year example success.,"['Michele Barker', 'Rachel Green']"
Own both.,356,Easy machine.,['Natalie Keith']
Discuss.,356,Whole inside town.,"['Jocelyn Camacho', 'Tracy Nichols']"
When.,196,Course behind.,"['Michelle Yu', 'Rhonda Edwards', 'Mackenzie Bates']"
Stage station.,121,Actually chair.,"['Michelle Caldwell MD', 'Travis Kennedy', 'Richard Ramirez']"
Fine.,235,Actually chair.,"['Richard Pierce', 'Jennifer Johnston']"
Expert child.,345,Wide less.,"['Michael Morales', 'Cody Underwood']"
Ability computer.,268,City organization later.,"['Michelle Baker', 'Deborah Guerrero', 'Amy Anderson']"
Arrive.,218,Attention.,"['Carla Spence', 'John Gates', 'Amber Davis']"
Force serious.,278,Help father continue.,"['Joy Pena', 'Elizabeth Young']"
Above.,148,All play strategy.,['Lori Patel']
Teach sort.,320,West perhaps.,"['Jason Ayala', 'Gina Jackson']"
After party.,197,Career how.,"['Mr. Brian Thompson', 'Jeffrey Richardson', 'Diane Chavez']"
Seem.,122,Need same source.,"['Rhonda Edwards', 'Laura Bryant']"
Yourself.,275,Child couple main.,['Allison Hoffman']
Receive.,242,Year raise.,['David Butler']
Approach.,327,Attention able bank.,['Michael Bowman']
Return.,307,Wide less.,['Cynthia Perez']
Or.,198,Nearly contain.,"['Annette Ramirez', 'Mark Jefferson']"
Tv more.,220,Per special.,"['Erica Johnson', 'Jackie Morgan', 'William Montoya']"
Certainly who.,212,Education cut.,['Mrs. Kimberly Lambert DDS']
Inside write.,295,Management wonder.,['David Gonzalez']
Arrive.,288,Cell feeling.,['William Joseph']
Current hear.,293,Career how.,"['Brian Swanson', 'Jennifer Hendricks', 'Dalton Morales']"
Hotel.,168,Perhaps write which.,"['Dylan Moore', 'Carrie Ross', 'Jessica Johnson']"
Eye majority.,211,Information five skin.,"['Ryan Rivera', 'Michael Morales']"
Up interesting.,123,Nearly contain.,['Jacob Banks']
Plan.,191,Close grow.,['Leslie Bailey']
Town.,270,Understand trouble.,"['Amy Anderson', 'Erika Davidson']"
Bed.,352,Who director American.,"['Thomas Stephenson', 'Jacob Baker', 'Dylan Rivera']"
Recently skill.,170,Nearly contain.,"['Mr. Jason Little', 'Travis Kennedy']"
Light actually.,158,Industry truth.,['Nathaniel Mccann']
Well.,338,Anything probably big.,"['Jackie Morgan', 'Samantha Dean']"
Leg game.,189,Capital citizen.,['Jennifer Farmer']
Small should.,167,Management wonder.,['Diana Douglas']
Light everybody.,212,Skin.,['Dylan Rivera']
Bar keep.,249,Ready news.,"['Kathryn Jones', 'Melissa Johnson']"
Society receive.,329,Add image.,['Brenda Ewing']
Should.,264,Fine seven.,"['Connie Vargas', 'Jennifer Hendricks', 'Allison Hoffman']"
Everyone.,191,Civil view.,['Alexis Hayden']
Police dream.,230,Community likely save.,"['Annette Ramirez', 'Ruth Jackson']"
Threat.,291,Look chair.,['Gabriella Sanchez']
Seven.,252,Until authority.,"['Nicole Nunez', 'Thomas Stephenson']"
Suggest break.,335,Special officer good.,"['Heidi Ford', 'Kathy Brown']"
Decide.,318,These alone management.,"['Christopher Henry', 'Cheryl Owens', 'Patricia Salazar']"
Life.,251,Audience support.,"['James Young', 'Jocelyn Camacho', 'Dylan Moore']"
Forget say.,298,Help father continue.,['Trevor Wilcox']
Recognize eye.,126,Tree protect argue.,"['Mark Jefferson', 'Michelle Caldwell MD']"
Culture ever.,261,Ok whose.,"['Kathryn Jones', 'Sonya Johnson']"
Run.,303,Tend always from.,"['Bobby Carter', 'Jacob Banks']"
National.,207,Easy machine.,"['Gregory Stanton', 'Chelsea King']"
Security girl.,264,Although necessary.,['Brian Swanson']
Resource voice.,310,Republican share traditional.,['Jennifer Johnston']
Road.,283,Share purpose than.,['Paul White']
Wish throughout.,228,Until authority.,"['Sabrina Wilson', 'Jasmine Larsen', 'Joe Mcclain']"
Get speech.,131,Education cut.,"['Samantha Dean', 'Justin Hutchinson']"
Take.,252,Save.,"['Annette Ramirez', 'Jennifer Johnston', 'Bryan Callahan']"
His red.,305,Management wonder.,"['Dwayne Randall', 'Derek Juarez', 'John Moore']"
Someone may.,157,Food marriage imagine.,"['Joy Pena', 'Ernest Miller']"
Administration.,134,Eight son.,['Michael Zamora']
Someone.,201,West perhaps.,"['Christine Sanders', 'Anthony Bond', 'William Joseph']"
Father bank.,182,Wear speak issue.,['Sarah Brown']
Report check.,339,Tree protect argue.,['Robert Thomas']
Worry energy.,214,Reason dream eye.,"['Michelle Yu', 'Amy Tran', 'Michelle Yu']"
Condition me.,301,Result suggest represent.,"['Troy Hughes', 'Lee Smith', 'Gabriella Sanchez']"
Food my.,344,Care tax.,"['Robert Thomas', 'Jeffrey Richardson']"
Assume customer.,173,Nearly contain.,['Laura Davis']
Blood.,200,Time child science.,['Kathryn Burke']
Difference tough.,295,Attention next rule.,"['Carolyn Petty', 'Ruth Jackson']"
Stand.,237,Actually chair.,"['Daniel Kemp', 'William Montoya']"
Ground material.,293,Responsibility I.,['Jill Ellis']
Pick.,223,Partner politics.,['Bobby Carter']
Certain major.,233,Shoulder whom.,"['Christopher Henry', 'Amber Ferguson', 'Mr. Brian Thompson']"
Respond people.,243,Lot level letter.,"['Trevor Wilcox', 'Melissa Griffin', 'Shannon Johnson']"
Prevent.,306,World.,"['Chelsea King', 'Amber Davis', 'Bobby Carter']"
Tell.,359,Attention able bank.,"['Amber Ferguson', 'Christian Nichols']"
Into hot.,186,Career how.,"['Mr. Brian Thompson', 'Rachel Green', 'Michelle Yu']"
Shoulder environmental.,189,Behind network along.,"['Heidi Ford', 'Rhonda Edwards', 'Christian Nichols']"
Great.,202,Somebody like.,"['Jocelyn Camacho', 'John Lewis']"
Well.,122,Second school.,"['Scott Stokes', 'Lee Smith', 'Jose Villegas']"
Community.,280,Despite remember.,"['Dalton Hunter', 'Cheryl Owens']"
Expect price.,139,Old anything necessary.,['Lisa Thomas']
Act.,351,Difference order analysis.,"['Tracy Nichols', 'Connie Vargas']"
Walk.,271,Market season.,['Michelle Yu']
Particularly tree.,348,School home.,"['Natalie Keith', 'Jacob Banks']"
Language.,157,Civil view.,['Jessica Erickson']
Hundred measure.,198,Music election difference.,"['Randy Murillo', 'Christopher Henry']"
Scene.,336,Production me she.,['Justin Hutchinson']
Case find.,340,Special.,"['Melissa Griffin', 'Luis Jenkins']"
Leave one.,128,Cell feeling.,['Sandra King']
Nation management.,223,Attention able bank.,['Jessica Mahoney']
South.,173,Until authority.,"['Tracy Nichols', 'Peter Elliott']"
Firm.,255,Share them guy.,"['Travis Kennedy', 'Shannon Johnson', 'Matthew Hawkins']"
Wide knowledge.,256,Everybody class hope.,"['Elizabeth Young', 'Amber Davis']"
Turn.,162,Brother nor near.,"['Diana Gonzalez', 'Tracey Williams']"
Training organization.,130,Ground even.,"['Michael Zamora', 'Jennifer Hendricks']"
Deal.,149,Special.,"['Matthew Hawkins', 'David Thomas', 'David Gonzalez']"
Write.,241,Despite remember.,"['Ryan Rivera', 'Jose Werner', 'Lori Patel']"
Scene.,265,Perhaps yet.,['Carla Spence']
Industry late.,354,Actually chair.,"['Judith Rollins', 'Lisa Thomas', 'Anthony Bond']"
Organization drug.,356,Wife find north.,"['Kathy Brown', 'Nicole Nunez', 'Charles Haynes MD']"
Thought find.,268,Himself discover organization.,"['Jacob Banks', 'Jordan Clark', 'Dylan Rivera']"
Hard science.,259,Since play American.,"['Kevin Silva', 'Dwayne Randall']"
President including.,221,Describe road.,"['Heidi Ford', 'Mrs. Kimberly Lambert DDS', 'Lori Patel']"
Pattern same.,312,Dinner.,"['Ernest Miller', 'Jacob Banks']"
General compare.,188,Movement understand.,['William Montoya']
Report.,242,Others since away.,['Dylan Rivera']
Believe.,152,Name everyone.,"['Brian Swanson', 'Ernest Miller', 'Mitchell Young']"
Entire sell.,207,Again sound land.,"['Jonathan Nelson', 'Jason Bauer']"
Leave.,264,World.,['Troy Hughes']
Compare.,323,Education cut.,"['Elizabeth Young', 'Jordan Clark', 'Keith Vaughn']"
Degree.,195,Need same source.,['Jerry Soto']
Week claim.,268,Perhaps write which.,"['David Butler', 'Justin Hutchinson']"
Foot onto.,124,Tend always from.,"['David Butler', 'Michelle Rivera', 'Julie Wagner']"
Fight.,344,Market Republican.,"['Gabriella Sanchez', 'Aaron Wilson', 'Richard Webb']"
Place wife.,165,Difference order analysis.,"['Keith Vaughn', 'Lisa Thomas']"
Continue with.,345,Film budget factor.,"['Cassandra Howell', 'Amber Davis', 'Robert Thomas']"
Growth half.,338,Whose leg.,"['Kathryn Jones', 'Robert Wilson Jr.', 'John Harper']"
Clearly.,172,Against age.,"['Richard Pierce', 'Heather Smith']"
Often.,285,You go.,"['Charles Haynes MD', 'Julie Wagner', 'Aaron Wilson']"
Must stuff.,266,Reason dream eye.,"['Sabrina Wilson', 'Jennifer Hendricks']"
Leg claim.,141,Easy machine.,"['Gregory Flowers', 'Joseph Stokes']"
Their.,224,Agreement debate interesting.,"['Erika Smith', 'Andrea Gonzalez', 'Justin Hutchinson']"
Rich.,228,World.,['Lori Patel']
Data either.,252,Behind network along.,"['Annette Ramirez', 'Jasmine Larsen', 'Kathryn Burke']"
In food.,147,Away determine.,"['Jennifer Farmer', 'Judith Rollins', 'Kevin Silva']"
Add.,344,Class what course knowledge.,['Nathaniel Mccann']
Whether.,198,Effect policy process.,"['Bryan Callahan', 'Laura Herring', 'Amber Davis']"
Million sister.,268,Partner politics.,"['Daniel Kemp', 'Robert Thomas', 'Jasmine Larsen']"
Tough audience.,126,Himself discover organization.,['Donald Collins']
Dream.,337,Per special.,"['Julie Wagner', 'Travis Kennedy']"
Second owner.,335,Community stop.,['Jacob Weber']
Consider state.,359,Listen dog often.,"['Keith Vaughn', 'Kristen Davis']"
Seem morning.,226,Through arm daughter.,['Victoria Miller']
Support action.,150,Human couple.,"['Kathy Brown', 'Derek Juarez']"
Value.,274,Capital citizen.,"['Anthony Bond', 'Keith Vaughn', 'Nicole Nunez']"
Check.,353,Whatever ground modern.,['Donald Collins']
Light.,174,Share purpose than.,"['Dalton Hunter', 'Jason Ayala']"
Stock energy.,175,Second school.,['Samantha Schmidt']
Three.,269,Everybody loss have.,['Ruth Jackson']
Become computer.,265,Drug day.,['Richard Webb']
Blue range.,306,Shoulder whom.,"['Jessica Erickson', 'Andrea Gonzalez', 'Richard Webb']"
Site less.,150,Everybody class hope.,"['Lisa Thomas', 'Garrett Lopez', 'Laura Bryant']"
Above time.,147,Per special.,['Scott Stokes']
Three power.,340,West perhaps.,"['Michael Ochoa', 'Annette Ramirez', 'Christopher Henry']"
Ground.,270,Share them guy.,"['Jessica Mahoney', 'Judith Rollins', 'John Rivas']"
Include.,340,Whose leg.,['Chelsea King']
Way assume.,292,Total.,['Jessica Smith']
Section something.,355,Similar leader.,"['Nathaniel Mccann', 'Cassandra Howell', 'Michael Bowman']"
Difficult.,205,So day similar.,"['Sonya Johnson', 'Tracey Williams']"
Year individual.,236,Us middle.,['Lee Smith']
Few.,327,Attention.,['Bryan Callahan']
Family.,316,Song space.,['Jordan Clark']
Article.,260,Wonder age.,"['Nathaniel Mccann', 'Garrett Lopez', 'Mr. Brian Thompson']"
Should.,336,Against culture prove major.,['Justin Long']
Area.,152,Understand appear.,"['Michelle Rivera', 'Mark Jefferson', 'Christine Sanders']"
Society remain.,260,Year raise.,"['Mason Lawrence', 'Daniel Kemp']"
Different.,246,World.,"['Amber Davis', 'Dalton Morales']"
Cup coach.,227,Maintain same necessary.,"['Erika Smith', 'Mrs. Kimberly Lambert DDS']"
Friend.,243,Community year this.,"['Matthew Hawkins', 'Robert Wilson Jr.']"
School.,134,Community stop.,"['Jennifer Burgess', 'Jason Bauer', 'Rachel Green']"
Machine.,221,Tend always from.,['Melissa Johnson']
Month.,230,Mrs newspaper.,['Ana Powers']
Ball.,210,Difference order analysis.,"['Luis Jenkins', 'Mark Jefferson']"
Kind.,212,Tree protect argue.,"['Trevor Wilcox', 'Justin Long']"
Song strategy.,301,Brother nor near.,['Julie Wagner']
Rock.,229,Food marriage imagine.,['Sandra King']
Difference baby.,158,Partner politics.,"['Douglas Mathis', 'Annette Ramirez', 'Garrett Lopez']"
Middle.,348,Look chair.,['Luis Jenkins']
Indicate.,230,Management wonder.,"['Cheryl Owens', 'Laura Bryant', 'Molly Lambert']"
Light.,221,Special.,['Jessica Smith']
Ground take.,334,Everything these here.,"['Jeremy Aguirre', 'Jacob Banks']"
Clear prevent.,123,Item stay.,"['Anthony Bond', 'Rachel Green']"
Model.,183,Attention oil.,"['Sonya Johnson', 'Bryan Callahan', 'Sandy Hendrix']"
Drug forget.,308,Why two.,['Luis Jenkins']
Cell trial.,242,Listen dog often.,"['Jose Werner', 'Jennifer Farmer', 'Ashley Douglas']"
Let yourself.,165,Attention oil.,"['Richard Webb', 'Richard Pierce']"
Democratic eight.,184,Decision assume.,"['Michelle Caldwell MD', 'Troy Hughes', 'Andrea Gonzalez']"
Ground.,246,Management wonder.,"['Jeremy Aguirre', 'Heidi Ford']"
Democratic.,355,Song space.,['Gabriella Sanchez']
Level focus.,239,Tree protect argue.,['William Joseph']
Head.,337,Against culture prove major.,['Jill Herring']
Threat gas.,134,Significant seem.,['Sabrina Wilson']
Behavior thing.,272,Until authority.,"['Victoria Miller', 'Erika Smith']"
How seem.,240,Anything probably big.,['Laura Bryant']
Brother.,351,Even why important.,"['Jennifer Farmer', 'Dylan Rivera', 'Bobby Carter']"
House.,322,Special.,['Daniel Kemp']
North close.,280,Film budget factor.,"['Erika Davidson', 'John Lewis', 'John Rivas']"
True.,337,Front certainly well.,['Michelle Rivera']
International.,282,You go.,"['Thomas Stephenson', 'Jason Ayala', 'Sandra King']"
Social.,133,Skin.,['Heather Smith']
Fight.,196,Education cut.,"['Natalie Keith', 'Louis Henderson']"
Ahead camera.,276,Attention able bank.,"['Garrett Lopez', 'Randy Murillo', 'Garrett Lopez']"
Several.,224,Until authority.,"['Ashley Douglas', 'Douglas Mathis']"
Exactly.,176,Candidate various wear option.,['Jocelyn Camacho']
Project front.,133,Skin.,"['Richard Ramirez', 'Natalie Keith', 'Shelby Hendrix']"
Common believe.,351,Blood everybody.,['Richard Ramirez']
Himself.,315,Test.,"['Matthew Hawkins', 'Cindy Cowan', 'Justin May']"
Pattern.,261,Why two.,"['Michelle Rivera', 'Nicole Nunez', 'Bobby Carter']"
Air.,229,Listen dog often.,"['Garrett Lopez', 'Michelle Rivera', 'Ray Ramos']"
Throughout.,251,Special officer good.,"['Bobby Carter', 'Amber Ferguson', 'Mark Jefferson']"
Or soldier.,229,Perhaps write which.,"['Troy Hughes', 'Amber Martinez']"
Strategy seem.,351,Whose leg.,"['Louis Henderson', 'Dr. Kayla Barnes', 'Jonathan Nelson']"
Lose.,167,Else.,"['Sabrina Wilson', 'Jeremy Aguirre']"
Base.,145,Impact wall nothing.,['John Harper']
Boy spring.,216,Audience support.,"['Dalton Hunter', 'Robert Thomas']"
Lawyer.,212,Perhaps yet.,['Jacob Baker']
Tv.,248,Why two.,['Teresa Guzman']
Though.,198,Republican share traditional.,"['Diana Douglas', 'Louis Henderson', 'Thomas Stephenson']"
Raise market.,262,Ok whose.,"['Justin Long', 'Cody Underwood']"
Alone ok.,180,All play strategy.,"['William Montoya', 'Tracey Williams']"
Last.,277,That apply discuss.,"['Ernest Miller', 'Jose Werner']"
Music.,275,Eight son.,"['Jason Bauer', 'Gina Jackson', 'Amy Tran']"
Home billion.,241,Audience support.,"['Mitchell Young', 'Michele Butler']"
Recently attack.,287,Attention able bank.,"['Bryan Callahan', 'Jennifer Burgess']"
Seat point.,174,Drug day.,"['Mary Alvarez', 'Diana Douglas']"
Among.,231,Tonight create ahead.,['Richard Ramirez']
What.,217,And.,"['Nathaniel Branch', 'John Stone', 'Bobby Carter']"
Role.,202,Everything these here.,['Christian Nichols']
Guess condition.,142,Community stop.,"['Amy Anderson', 'Jason Bauer']"
Fire choice.,220,Understand trouble.,"['Garrett Lopez', 'Allison Hoffman', 'Bryan Callahan']"
Rate north.,341,Actually chair.,"['Nathaniel Mccann', 'Christine Sanders', 'Melissa Johnson']"
Under first.,238,Himself discover organization.,['Christian Nichols']
One.,304,American run partner.,"['Sandra King', 'Mark Jefferson', 'Cassandra Howell']"
Official hundred.,315,Would similar.,"['Jessica Johnson', 'Sabrina Wilson']"
Single charge.,249,Wide less.,"['Ernest Miller', 'Kathryn Jones']"
He tend.,202,Information five skin.,"['William Joseph', 'Derek Juarez']"
Message wear.,171,Blood everybody.,"['Linda Ross', 'Rachel Green', 'Matthew Gutierrez']"
Type his.,355,Everybody class hope.,"['Diana Gonzalez', 'Bradley Graham', 'Elizabeth Young']"
Lawyer.,294,Against age.,"['Ashley Douglas', 'Lisa Thomas']"
Policy yes.,278,Save growth whom.,"['Daniel Kemp', 'Keith Vaughn']"
Director cell.,308,Industry truth.,"['Justin Hutchinson', 'Robert Wilson Jr.', 'Molly Lambert']"
Relationship.,313,Various charge offer.,"['Mark Jefferson', 'Teresa Guzman']"
List should.,146,Understand trouble.,"['John Lewis', 'John Lewis', 'John Lewis']"
Always first.,355,Second school.,"['Patricia Salazar', 'Marvin Brandt']"
Operation.,160,Into safe Mr.,['Erika Davidson']
Have.,346,Within off if.,['Alexis Hayden']
Top.,214,Save growth whom.,"['Ernest Miller', 'Nathaniel Mccann']"
Produce.,207,Accept clearly.,['John Rivas']
Participant ok.,338,Himself discover organization.,"['Richard Ramirez', 'Julie Wagner']"
Stuff general.,222,Spend on.,"['Sabrina Wilson', 'Jordan Clark', 'Michael Bowman']"
Cost.,218,Goal walk there.,"['Dalton Hunter', 'Jill Herring']"
By money.,179,Year example success.,['Robert Thomas']
Mean model.,345,That apply discuss.,"['Michael Morales', 'Ana Powers', 'Gregory Stanton']"
Condition.,324,Why two.,"['Jessica Smith', 'Tracy Nichols', 'Walter Reed']"
Bill nor.,280,Instead example run.,"['Michelle Rivera', 'Troy Hughes']"
Response our.,334,Would similar.,['Bryan Callahan']
Painting.,273,Look chair.,['John Moore']
Store.,278,Per special.,['Garrett Lopez']
Let PM.,127,Ok whose.,"['Jessica Mahoney', 'Douglas Mathis', 'Andrea Gonzalez']"
Environment.,356,Share purpose than.,"['Dalton Morales', 'John Harrington', 'Christian Nichols']"
Wide position.,190,Conference country data feel.,['Thomas Stephenson']
Economy tend.,164,You go.,['Kathy Brown']
Situation.,281,Since play American.,"['Kathryn Jones', 'Mrs. Kimberly Lambert DDS', 'Luis Jenkins']"
Understand.,247,Claim court.,"['Peter Elliott', 'Chelsea King']"
Bar cover.,355,Outside better own.,['Jacob Weber']
Market national.,278,Tonight create ahead.,"['David Thomas', 'Jessica Hall', 'Aaron Wilson']"
Could spend.,359,Understand trouble.,"['John Harper', 'Keith Vaughn']"
Wrong.,255,Again sound land.,['Ryan Rivera']
College.,125,Into safe Mr.,['Justin May']
Sort.,316,Since play American.,['Jacob Weber']
Policy.,125,Tend always from.,"['Linda Ross', 'Kevin Silva', 'Ana Powers']"
Person.,207,Government.,"['Louis Henderson', 'Bobby Carter']"
Improve.,215,Production me she.,['Jocelyn Camacho']
Stuff same.,343,Shoulder whom.,"['Justin Long', 'Tracey Williams']"
Hundred garden.,183,Front certainly well.,['Sarah Brown']
Country probably.,212,Anything probably big.,['William Joseph']
Color out.,312,Building budget hundred.,"['Michelle Baker', 'Jennifer Hendricks', 'Cassandra Howell']"
Himself market.,314,Describe road.,"['Lee Smith', 'Jessica Mahoney', 'Thomas Stephenson']"
Specific rise.,168,Save growth whom.,['Jerry Soto']
Probably pattern.,224,Tree protect argue.,['Diane Chavez']
Develop Democrat.,155,Agent imagine specific.,"['Heather Smith', 'Marvin Brandt']"
Need.,131,Reason dream eye.,['Robert Whitehead']
Morning start.,237,Test.,['Laura Davis']
Against.,265,Movement join.,"['John Stone', 'Kathryn Burke']"
Here.,258,Year raise.,['Mackenzie Bates']
Feel career.,163,Radio leader.,['Jill Ellis']
Few five.,251,That apply discuss.,"['Diane Chavez', 'Mark Jefferson', 'Shelby Hendrix']"
Congress sister.,325,Room.,"['John Stone', 'Bradley Graham']"
Contain.,282,Tend always from.,"['Justin Hutchinson', 'Ana Powers', 'Kathryn Jones']"
Without impact.,131,Marriage thousand result.,"['David Gonzalez', 'Jason Bauer', 'Jessica Hall']"
Establish suddenly.,231,Expert into office charge.,['Marvin Brandt']
This.,195,Per special.,"['Samantha Dean', 'Brenda Ewing']"
Maybe common.,137,Community year this.,"['Jennifer Burgess', 'Richard Ramirez']"
Necessary simply.,214,Nearly important protect.,['Diane Chavez']
Prove phone.,284,Community likely save.,"['Judith Rollins', 'Tracy Lewis', 'Paul White']"
Teach other.,219,Course behind.,"['Jason Ayala', 'Molly Lambert']"
Front.,136,Well along.,['Amy Tran']
Effort.,292,Whose leg.,"['Rachel Green', 'Marvin Brandt', 'Amber Davis']"
Heavy.,214,Close grow.,"['Lori Patel', 'Michael Ochoa', 'Ryan Rivera']"
Term figure.,275,Everybody loss have.,"['Diana Douglas', 'Nathaniel Branch']"
Where open.,241,Everything these here.,"['Jose Werner', 'Lori Patel', 'Douglas Mathis']"
Six.,193,Special.,"['Sean Wright', 'John Moore']"
Choose until.,132,Perhaps write which.,"['Rhonda Edwards', 'Brenda Ewing', 'Scott Stokes']"
Him.,186,Security agreement.,['Gina Jackson']
According.,348,Attention.,"['Mr. Brian Thompson', 'Charles Haynes MD']"
Last.,129,Although necessary.,"['Joe Mcclain', 'Jessica Hall', 'Steven Velasquez']"
Carry father.,304,Candidate various wear option.,['Jennifer Hendricks']
Single.,216,Wonder age.,['Jessica Erickson']
And hundred.,358,Big state.,"['Jacob Weber', 'Jacob Baker']"
Upon.,126,Candidate various wear option.,"['Cheryl Owens', 'Lisa Thomas', 'Kevin Silva']"
Then.,284,According likely pay.,['Erica Johnson']
Read.,192,Item stay.,"['Dalton Morales', 'Leslie Bailey', 'Amy Tran']"
Meeting.,348,Us middle.,"['Michelle Caldwell MD', 'Garrett Lopez', 'Luis Jenkins']"
Say.,294,Decision assume.,"['Louis Henderson', 'Shannon Johnson']"
Inside.,250,Ground even.,"['Donald Collins', 'David Butler', 'Jasmine Larsen']"
Field.,123,Budget or.,"['Christian Nichols', 'David Thomas']"
Water still.,213,School miss.,"['Amy Anderson', 'John Harper']"
Research.,134,Republican share traditional.,"['Dylan Rivera', 'Barbara Evans']"
Resource.,318,At voice drive.,['Deborah Guerrero']
After turn.,133,Movement understand.,"['Scott Stokes', 'Tamara Costa']"
Place role.,285,Film budget factor.,"['Judith Rollins', 'Justin Hutchinson', 'Gregory Stanton']"
Discussion.,299,Perhaps yet.,"['Mason Lawrence', 'Kathy Brown', 'William Montoya']"
Least her.,210,Test.,['Jessica Johnson']
Politics artist.,152,Fine seven.,"['Garrett Lopez', 'Ray Ramos', 'Justin Long']"
Dream.,169,Else.,"['James Young', 'Cody Underwood']"
Close network.,335,Eight son.,"['John Robinson', 'Dalton Hunter']"
Center education.,257,Effect policy process.,"['Michael Ochoa', 'Robert Whitehead']"
Really.,183,Responsibility I.,"['Deborah Guerrero', 'Erica Johnson']"
Rest present.,229,Need same source.,"['Bryan Callahan', 'Jessica Mahoney']"
Try feel.,257,Despite remember.,['Robert Wilson Jr.']
Actually.,277,Act where.,"['Robert Wilson Jr.', 'Anthony Bond']"
About.,322,Everything these here.,"['Kevin Silva', 'Teresa Guzman']"
Hair.,329,Outside better own.,"['Ryan Rivera', 'Robert Thomas', 'Scott Stokes']"
Partner something.,193,City organization later.,"['Jason Ayala', 'William Joseph', 'Whitney Johnson']"
Work.,221,Tree protect argue.,['Diana Douglas']
Some some.,307,Government.,"['Lori Patel', 'Rhonda Edwards', 'Alexis Hayden']"
Heart officer.,262,Seek situation movement.,"['Kathryn Jones', 'Mr. Brian Thompson']"
Night health.,289,Market season.,"['Jessica Erickson', 'Jeffrey Richardson', 'Heather Smith']"
Deep.,215,Blood everybody.,['Kathryn Jones']
Why music.,349,Child couple main.,"['Matthew Hawkins', 'Anthony Bond']"
Fly see.,179,Shake spend trouble.,"['Gregory Flowers', 'Cassandra Howell']"
War.,162,Ready news.,"['Donald Collins', 'Richard Webb']"
Cover.,183,Each.,"['Samantha Dean', 'Ruth Jackson']"
House.,263,Somebody like.,"['Chelsea King', 'Sabrina Wilson']"
Away risk.,332,Outside better own.,"['Thomas Stephenson', 'Travis Kennedy', 'William Montoya']"
Young poor.,181,Require detail.,"['Dylan Rivera', 'Michael Ochoa']"
Mission.,315,Yet make.,"['Jill Ellis', 'John Harper', 'Tamara Costa']"
Get each.,325,Source buy memory culture.,['Whitney Johnson']
Remain.,248,Total human main.,"['Peter Elliott', 'Matthew Gutierrez']"
Allow.,253,West perhaps.,['Chelsea King']
Moment itself.,283,Away determine.,"['Erika Smith', 'Patricia Salazar']"
Debate.,302,Tonight create ahead.,"['Dr. Kayla Barnes', 'David Thomas']"
Present organization.,331,Audience support.,"['Michael Bowman', 'Sandra King', 'Kathy Brown']"
Only country.,322,Land daughter section.,['James Young']
Quickly.,255,Blood everybody.,"['Caleb Frazier', 'Samantha Schmidt']"
Sell.,191,Wear speak issue.,"['Kimberly Williams', 'Bryan Callahan']"
Development another.,217,Nearly important protect.,"['John Harper', 'John Stone', 'Robert Whitehead']"
Card.,160,Close grow.,"['John Stone', 'Jeffrey Richardson']"
Course.,285,Would similar.,"['Sean Smith', 'Cindy Cowan', 'Walter Reed']"
View today.,241,So day similar.,"['Nicole Nunez', 'John Rivas']"
Serve pass.,181,Room.,"['Richard Ramirez', 'Sonya Johnson']"
Cut free.,152,Recently where computer.,['Garrett Lopez']
Create.,208,Shake spend trouble.,['Laura Bryant']
Only accept.,271,Song space.,['Jeffrey Richardson']
Anyone house.,277,Control inside guess apply.,"['Brian Swanson', 'Michele Butler', 'Jessica Johnson']"
Although.,258,Nearly important protect.,"['Amy Anderson', 'Cheryl Owens']"
Quickly evidence.,288,Common blood.,"['Annette Ramirez', 'Julie Wagner', 'Gregory Flowers']"
Can.,263,Class what course knowledge.,"['Joe Mcclain', 'Jonathan Nelson', 'Annette Ramirez']"
Over moment.,193,Ground even.,"['Dalton Hunter', 'Matthew Gutierrez', 'Jasmine Larsen']"
Kid factor.,322,About however they.,"['Travis Kennedy', 'Mr. Brian Thompson', 'Amber Martinez']"
Return near.,130,You go.,"['Richard Pierce', 'Whitney Johnson', 'Thomas Stephenson']"
Interview stop.,219,Close grow.,['Natalie Keith']
Fly.,337,Responsibility I.,['Allison Hoffman']
Present choose.,223,Child couple main.,"['Kathryn Burke', 'Brian Swanson']"
Probably class.,155,All play strategy.,"['Erika Davidson', 'Donald Collins', 'John Lewis']"
Order.,311,Month customer.,['Jill Ellis']
Minute wide.,314,Various charge offer.,"['Amber Davis', 'Diane Chavez']"
Summer.,145,Eight son.,"['Cynthia Perez', 'Shannon Johnson', 'David Gonzalez']"
Them.,222,Understand trouble.,"['John Rivas', 'Gregory Stanton']"
Exist.,226,Ok whose.,"['William Montoya', 'Aaron Wilson']"
Consumer.,307,Add image.,"['Jordan Clark', 'Paul White', 'Kayla Lynn']"
Beat along.,322,That apply discuss.,"['Mary Alvarez', 'Jordan Clark']"
Conference.,216,Market season.,"['John Lewis', 'Tracey Williams', 'Steven Velasquez']"
Few.,171,Two tough.,['Trevor Wilcox']
Leg.,252,Spend on.,"['Michael Morales', 'Dylan Moore']"
Born.,226,Special officer good.,"['Travis Kennedy', 'Laura Davis']"
Huge production.,299,Accept clearly.,"['Michelle Baker', 'Ryan Rivera', 'Sean Smith']"
Middle.,230,At voice drive.,['Scott Stokes']
Structure.,289,Within off if.,"['Aaron Wilson', 'Jennifer Burgess']"
Hot right.,137,Team than.,"['Lisa Thomas', 'John Robinson']"
Anything.,178,Share purpose than.,"['Louis Henderson', 'Walter Reed', 'John Harrington']"
Become why.,310,Who director American.,['Amber Ferguson']
Tax.,125,Team than.,['Derek Juarez']
For detail.,340,Us middle.,"['Gregory Stanton', 'Michelle Baker', 'Jose Villegas']"
Maybe.,203,Help father continue.,['Kathryn Jones']
Wait wonder.,338,Special officer good.,"['Sandy Hendrix', 'Jessica Johnson', 'Tracy Nichols']"
Bag.,286,Significant seem.,"['Shelby Hendrix', 'Jordan Clark']"
Set economic.,265,Effect policy process.,"['Molly Lambert', 'Lisa Thomas']"
Business suffer.,148,That apply discuss.,"['Dr. Kayla Barnes', 'Michele Barker']"
During mean.,273,Us middle.,['Michael Ochoa']
Note.,294,Fast teach again.,"['Erica Johnson', 'Jennifer Farmer']"
Customer.,204,Education cut.,['Rhonda Edwards']
Indicate.,360,Himself discover organization.,"['Elizabeth Young', 'Rachel Green', 'Mr. Brian Thompson']"
Trouble.,349,Accept clearly.,"['Ray Ramos', 'Ryan Rivera']"
Federal.,257,Former impact challenge.,"['Jasmine Larsen', 'Sandra King', 'Laura Bryant']"
Majority worker.,226,Team than.,"['Sandra King', 'Cindy Cowan', 'Derek Juarez']"
Certainly.,288,Wife find north.,"['Amber Davis', 'Rhonda Edwards']"
Prepare war.,270,You go.,"['Scott Stokes', 'Jeffrey Richardson']"
Article.,290,Spend on.,"['John Moore', 'Nathaniel Mccann', 'Sarah Brown']"
Around fight.,189,Brother nor near.,"['Michelle Caldwell MD', 'Louis Henderson']"
Night.,165,According likely pay.,['Kathryn Jones']
Decision operation.,140,Whole inside town.,"['Teresa Guzman', 'Erika Smith', 'Erica Johnson']"
Down central.,263,Against age.,"['Carla Spence', 'Erica Johnson']"
Course.,357,Shake spend trouble.,['Kathryn Burke']
Win.,276,Describe road.,['Victoria Miller']
Learn.,345,Actually chair.,"['Allison Hoffman', 'John Stone', 'Jessica Smith']"
With table.,239,Common blood.,"['Walter Reed', 'John Harrington', 'Mitchell Young']"
Plant charge.,247,Expert into office charge.,"['Troy Hughes', 'Nathaniel Mccann', 'Gregory Flowers']"
South.,180,Result suggest represent.,"['Carolyn Petty', 'Erica Johnson', 'Sarah Brown']"
Television choice.,154,Special.,['Heather Smith']
Charge.,242,Behind look account.,"['Michele Barker', 'Teresa Guzman']"
Fact.,222,Team than.,['Jessica Smith']
Rock.,249,Into safe Mr.,['Carrie Ross']
Go.,291,Skin.,"['Heather Smith', 'Robert Thomas']"
Five though.,300,Course behind.,['Keith Vaughn']
Yeah green.,210,Market season.,"['Louis Henderson', 'Diana Douglas']"
Service.,245,Food marriage imagine.,"['Cindy Cowan', 'Andrea Gonzalez']"
Several.,203,Team than.,"['Thomas Stephenson', 'Dawn Roberts']"
Listen.,230,Special officer good.,"['Jacob Weber', 'Jason Ayala', 'Sonya Johnson']"
Town.,329,Easy machine.,"['Caleb Frazier', 'Ernest Miller', 'Mason Lawrence']"
Number middle.,202,Share them guy.,['Rachel Green']
Six cup.,230,Understand appear.,['Amber Ferguson']
Usually prevent.,273,Movement join.,"['Nathaniel Mccann', 'Dalton Morales', 'Samantha Schmidt']"
Plant.,145,Old anything necessary.,"['Judith Rollins', 'Richard Pierce', 'Erika Davidson']"
Drop be.,303,Impact wall nothing.,"['John Gates', 'Michelle Baker', 'Kimberly Williams']"
The.,205,Something term measure per.,['Cynthia Perez']
Smile.,148,Against culture prove major.,['Kathryn Burke']
Fact.,266,Dinner.,"['Michelle Caldwell MD', 'Lee Smith']"
Education.,301,Care tax.,['Heather Smith']
Different job.,189,Dinner.,"['Lee Smith', 'David Butler', 'Nicole Nunez']"
Newspaper.,129,And.,"['John Stone', 'John Robinson']"
Cause article.,348,Until authority.,"['Dawn Roberts', 'Jill Ellis']"
Try.,330,Radio leader.,"['Jason Ayala', 'Randy Murillo', 'Lisa Thomas']"
Today stock.,357,Community stop.,"['Joseph Stokes', 'John Rivas', 'Jacob Baker']"
Reflect.,135,Dinner.,['Jermaine Lewis']
Never group.,146,Time child science.,['Matthew Hawkins']
Quality.,249,Human couple.,"['Michele Butler', 'Natalie Keith', 'Keith Vaughn']"
Try management.,202,Shoulder whom.,"['Diane Chavez', 'Ray Ramos', 'Christine Sanders']"
Hotel bag.,129,Capital citizen.,['Michelle Yu']
None.,182,Marriage professor.,"['Nicole Nunez', 'Jose Werner', 'Nathaniel Branch']"
Lead four.,193,Child couple main.,"['Laura Herring', 'Joy Pena', 'Cheryl Owens']"
Resource relate.,146,Course behind.,"['Amber Ferguson', 'Carrie Ross', 'Amber Ferguson']"
Land benefit.,273,Human couple.,['Jacob Banks']
Yet it.,171,Wide less.,"['Robert Whitehead', 'Samantha Schmidt', 'Ashley Douglas']"
Stand along.,202,Perhaps yet.,"['William Montoya', 'Dawn Roberts', 'Mrs. Kimberly Lambert DDS']"
Right themselves.,156,Lot level letter.,"['Annette Ramirez', 'Mason Lawrence']"
Short.,185,Decision assume.,"['Lori Patel', 'Shelby Hendrix', 'Alexis Hayden']"
Wife per.,142,Wife find north.,['Christopher Henry']
Performance red.,349,Seek situation movement.,"['Deborah Guerrero', 'Mason Lawrence', 'Amber Ferguson']"
Follow from.,260,Effect policy process.,['Kimberly Williams']
Add.,271,Skin.,"['Thomas Stephenson', 'Carla Spence', 'Mackenzie Bates']"
Himself.,332,Outside better own.,"['Dylan Moore', 'Jill Herring', 'Matthew Hawkins']"
Kind.,213,Accept clearly.,"['Jacob Weber', 'Jennifer Hendricks', 'Deborah Guerrero']"
Cell.,122,Community likely save.,"['Jermaine Lewis', 'Randy Murillo']"
Happy last.,299,Wonder age.,"['Gina Jackson', 'Amber Ferguson', 'Jacob Banks']"
Check.,127,Outside better own.,"['Jacob Banks', 'Michelle Baker', 'Erika Smith']"
Area.,284,Similar leader.,"['Jessica Hall', 'Tracy Nichols', 'Michael Bowman']"
Born.,320,Us middle.,"['Jason Ayala', 'Randy Murillo']"
Against election.,144,Save growth whom.,"['Robert Whitehead', 'Diane Chavez']"
Recognize.,215,General training.,"['Lisa Thomas', 'Jacob Weber']"
Ask.,341,Whose leg.,"['Cindy Cowan', 'Annette Ramirez', 'Annette Ramirez']"
Parent.,337,Seek situation movement.,['Peter Elliott']
Really boy.,297,Newspaper throw.,"['Linda Ross', 'Amber Davis']"
Think health.,141,Recently where computer.,['Deborah Guerrero']
Thus thought.,358,Result suggest represent.,['Jeffrey Richardson']
Reduce.,159,Again sound land.,['Jennifer Farmer']
Take.,151,My off focus.,['Teresa Guzman']
Coach.,161,Who director American.,"['Steven Velasquez', 'Michele Butler', 'John Lewis']"
Early.,350,Marriage thousand result.,"['Jonathan Nelson', 'Sean Wright']"
Deal.,286,Special officer good.,"['Tamara Costa', 'Samantha Schmidt']"
Or.,269,Through arm daughter.,['Diana Gonzalez']
Happy.,224,Industry truth.,"['Nathaniel Branch', 'Luis Jenkins', 'Dylan Rivera']"
Three turn.,189,Although necessary.,"['Julie Wagner', 'Richard Webb']"
Agent east.,274,Would similar.,"['Diana Gonzalez', 'Carolyn Petty', 'Jacob Baker']"
Night.,219,My off focus.,['Mackenzie Bates']
Concern.,239,Team than.,"['Jermaine Lewis', 'Jacob Banks']"
Direction inside.,348,Music election difference.,"['Alexis Hayden', 'Dwayne Randall']"
Sign recent.,317,Production me she.,"['Heidi Ford', 'Deborah Guerrero', 'Joe Mcclain']"
Its.,260,Understand trouble.,"['Michele Butler', 'Robert Whitehead', 'Michelle Baker']"
Stuff.,122,Behind network along.,"['Dylan Moore', 'Heather Smith', 'Mary Alvarez']"
Reality.,201,Special.,"['Diana Douglas', 'Tracy Nichols']"
He.,305,Government particular machine.,"['Richard Pierce', 'Jeffrey Richardson', 'Lee Smith']"
Federal.,174,Nearly contain.,['Gregory Stanton']
Yeah money.,234,Total human main.,['Mason Lawrence']
Draw.,287,School home.,['Caleb Frazier']
Between.,141,Else.,['Connie Vargas']
Despite kid.,141,Budget or.,"['Randy Murillo', 'Alexis Hayden', 'Michelle Baker']"
Ever against.,155,Look chair.,"['Richard Ramirez', 'John Moore', 'Bryan Callahan']"
Learn task.,354,Although necessary.,"['Cody Underwood', 'Ashley Douglas', 'Garrett Lopez']"
List foreign.,204,Conference country data feel.,['Gregory Flowers']
Score.,265,These alone management.,['Gregory Flowers']
Stuff.,145,Nearly contain.,['Bryan Callahan']
Recognize product.,272,Change what.,['Tracey Williams']
Remain fast.,173,West perhaps.,['Ruth Jackson']
Take.,254,Control inside guess apply.,"['Samantha Schmidt', 'John Robinson', 'Amber Martinez']"
Soon people.,164,Information five skin.,"['Christine Sanders', 'Jason Bauer', 'Ernest Miller']"
Can.,243,Music election difference.,"['Barbara Evans', 'Joseph Stokes']"
Institution lot.,326,Food marriage imagine.,['Dwayne Randall']
Table.,138,Care tax.,"['Michael Bowman', 'Jessica Johnson', 'Jordan Clark']"
Stock learn.,245,Old anything necessary.,"['Diane Chavez', 'Michele Butler']"
Goal.,123,Even why important.,"['Mark Jefferson', 'Troy Hughes', 'Jonathan Nelson']"
Couple.,170,Even why important.,"['Richard Pierce', 'John Rivas', 'Nicole Nunez']"
Bit trouble.,206,Key commercial.,"['John Robinson', 'John Harrington']"
Anyone dog.,350,Goal walk there.,['Jennifer Burgess']
Several.,161,Security agreement.,"['Cody Underwood', 'Jasmine Larsen', 'Samantha Dean']"
Successful.,129,Nearly contain.,"['Marvin Brandt', 'Kristen Davis']"
Show enjoy.,291,Within off if.,"['Melissa Johnson', 'James Smith', 'Leslie Bailey']"
Add.,293,Production me she.,"['Connie Vargas', 'Jasmine Larsen']"
Go year.,321,Anything probably big.,"['Elizabeth Young', 'Thomas Stephenson', 'Diane Chavez']"
Myself.,143,Candidate various wear option.,"['Sarah Brown', 'Jennifer Burgess', 'Mr. Brian Thompson']"
Short.,285,Into safe Mr.,"['Louis Henderson', 'David Thomas']"
Can.,168,Marriage professor.,"['Daniel Kemp', 'Scott Stokes']"
About direction.,356,Republican share traditional.,"['Laura Davis', 'Erica Johnson', 'Jose Werner']"
Camera society.,137,Community year this.,"['Trevor Wilcox', 'Mark Jefferson']"
Yes.,187,Lot level letter.,"['Samantha Schmidt', 'Mrs. Kimberly Lambert DDS', 'Tracey Williams']"
Body.,280,Source buy memory culture.,"['Ernest Miller', 'Richard Ramirez', 'Connie Vargas']"
Sort tell.,214,Special officer good.,"['Diane Chavez', 'Amy Tran', 'Troy Hughes']"
Child evening.,190,Else.,"['Heidi Ford', 'Jacob Banks']"
High step.,318,Whose leg.,['Michelle Yu']
Affect north.,340,Structure city oil project.,['John Gates']
Street.,165,Civil view.,"['Marvin Brandt', 'Amber Davis']"
Nice education.,197,Sometimes true.,['Walter Reed']
Reflect.,260,Still lawyer space.,['Charles Haynes MD']
Customer fine.,315,Month customer.,"['Samantha Schmidt', 'Connie Vargas', 'Aaron Wilson']"
Exist foot.,234,Perhaps yet.,"['Sandra King', 'Molly Lambert']"
Difference road.,348,Movement understand.,['Jacob Banks']
Real cause.,285,Industry truth.,"['Michelle Rivera', 'Cody Underwood']"
Just.,353,Range white.,"['John Gates', 'Jessica Mahoney', 'Ryan Rivera']"
Product.,205,Song space.,"['Joe Mcclain', 'Brian Swanson', 'Elizabeth Young']"
Reflect.,175,Security agreement.,"['Luis Jenkins', 'Sarah Brown', 'Mitchell Young']"
Later.,182,Reason dream eye.,"['Lisa Thomas', 'Justin Long']"
Foot knowledge.,128,General training.,"['Rhonda Edwards', 'Laura Herring', 'Thomas Stephenson']"
Prepare it.,291,Community year this.,"['Keith Vaughn', 'John Lewis']"
Kind.,228,My off focus.,"['James Smith', 'Nathaniel Mccann', 'Ray Ramos']"
Door different.,160,Song space.,['Brenda Ewing']
Exactly.,288,Government particular machine.,['Melissa Johnson']
Daughter responsibility.,320,These alone management.,"['John Lewis', 'Richard Ramirez', 'Tracy Nichols']"
Imagine glass.,316,School home.,"['Jacob Weber', 'Mary Alvarez', 'Bryan Callahan']"
Bit.,285,Class what course knowledge.,['Bryan Callahan']
Model.,302,Old anything necessary.,"['Jacob Banks', 'David Butler']"
Force drug.,222,Ground even.,['Jermaine Lewis']
Note think.,194,Maintain same necessary.,"['Jonathan Nelson', 'Ernest Miller']"
Consider.,185,Full concern.,"['Lori Patel', 'Cindy Cowan', 'Sabrina Wilson']"
Blue treatment.,290,Whether organization process.,['Christian Nichols']
Rate out.,336,Market Republican.,"['Sandra King', 'Michelle Caldwell MD']"
Include traditional.,325,Class what course knowledge.,['Ana Powers']
Third.,182,Test.,"['Gregory Stanton', 'Julie Wagner']"
Practice tough.,354,Understand trouble.,['Nicole Nunez']
Difference.,344,Help father continue.,"['Patricia Salazar', 'Dylan Moore']"
Country him.,272,Two tough.,"['Cassandra Howell', 'Mark Jefferson', 'Barbara Evans']"
Beautiful way.,133,Something term measure per.,"['Cody Underwood', 'Sean Wright']"
Happy.,192,Month customer.,"['Dalton Hunter', 'Patricia Salazar', 'Melissa Griffin']"
Suddenly pay.,227,Seek situation movement.,['Brian Swanson']
Best can.,151,Drug day.,"['Diane Chavez', 'Allison Hoffman']"
Opportunity policy.,270,Lot level letter.,"['Jessica Smith', 'Ernest Miller', 'Erica Johnson']"
Talk.,251,Republican share traditional.,"['Nathaniel Branch', 'Amy Tran', 'Rachel Green']"
Seek those.,240,Big state.,['Ana Powers']
Body onto.,201,Whatever ground modern.,"['Kimberly Williams', 'Diane Chavez']"
Career cultural.,263,Wife find north.,"['Kathryn Burke', 'Diana Gonzalez']"
Wide hour.,201,Effect policy process.,"['Jason Ayala', 'Dalton Morales', 'Jason Bauer']"
Son allow.,316,Each.,"['Brian Swanson', 'David Gonzalez', 'Christian Nichols']"
Television.,273,Production me she.,"['Christopher Henry', 'Mrs. Kimberly Lambert DDS']"
Hour.,253,Everything these here.,"['Brenda Ewing', 'Gina Jackson']"
Admit.,136,Again sound land.,"['Julie Wagner', 'David Butler']"
Our her.,333,Similar leader.,"['Jackie Morgan', 'William Montoya']"
Professor.,318,Machine plan.,"['Jill Herring', 'Kayla Lynn']"
Example smile.,349,My off focus.,"['Kathy Brown', 'Chelsea King', 'Whitney Johnson']"
These.,149,Year skill crime.,"['Robert Whitehead', 'Jacob Baker']"
Beyond.,159,Change what.,['Jordan Clark']
Ten truth.,158,Film budget factor.,"['Heather Smith', 'Jessica Mahoney', 'Gregory Flowers']"
Reality.,206,Attention oil.,"['Rhonda Edwards', 'Gabriella Sanchez', 'Kevin Silva']"
Yourself.,289,Require detail.,"['Andrea Gonzalez', 'John Moore']"
Federal.,138,Blood everybody.,"['Peter Elliott', 'Gregory Flowers', 'Dr. Kayla Barnes']"
Price.,331,Instead example run.,"['Dylan Rivera', 'Jill Ellis']"
Off spend.,123,Production me she.,"['Kimberly Williams', 'Jackie Morgan']"
Bed.,269,All play strategy.,"['Lori Patel', 'Brenda Ewing', 'Dylan Rivera']"
Own soldier.,301,Away determine.,"['Mr. Jason Little', 'Laura Bryant', 'Jennifer Wong']"
Wife.,331,Wife find north.,['Carolyn Petty']
After system.,179,You go.,['Tracey Williams']
Face both.,147,Cell feeling.,"['Judith Rollins', 'Donald Collins', 'Dalton Morales']"
Response.,153,Share purpose than.,['Dalton Hunter']
Maybe.,231,Listen dog often.,"['Laura Bryant', 'Michael Zamora', 'Erica Johnson']"
Company.,310,Blood everybody.,"['Kathryn Jones', 'Diane Chavez', 'Gregory Flowers']"
Support local.,174,Mrs newspaper.,['Bryan Callahan']
City despite.,200,You go.,"['Travis Kennedy', 'Jennifer Johnston', 'Joy Pena']"
Support.,221,Ground even.,"['Antonio Bowers', 'Jackie Morgan']"
Newspaper dark.,322,Tonight create ahead.,"['Anthony Bond', 'Matthew Hawkins', 'John Robinson']"
Force.,301,City organization later.,['Jose Villegas']
Special.,356,Easy machine.,"['Justin Long', 'Nathaniel Mccann', 'Linda Ross']"
Build manager.,211,Ready news.,"['Dalton Hunter', 'Sandy Hendrix']"
Life role.,207,Need same source.,"['Jason Ayala', 'David Thomas']"
Look.,187,Perhaps write which.,"['Allison Hoffman', 'Richard Webb']"
Theory.,344,Tree protect argue.,"['Joy Pena', 'Jermaine Lewis']"
Plan town.,251,Information five skin.,['Robert Wilson Jr.']
Question.,223,Fine seven.,['Kathryn Burke']
Image.,252,Tree protect argue.,['Trevor Wilcox']
Everything.,153,Help father continue.,['Robert Wilson Jr.']
Summer.,128,According likely pay.,['Ruth Jackson']
Might mouth.,285,School home.,"['Bradley Graham', 'Lee Smith', 'Kristen Davis']"
Its.,349,Outside better own.,['Carolyn Petty']
Wish.,188,Look chair.,"['Nathaniel Branch', 'Jill Ellis']"
Score.,314,At voice drive.,"['Marvin Brandt', 'Peter Elliott']"
Take.,127,Significant seem.,"['Jeremy Aguirre', 'David Thomas']"
Owner degree.,140,Time child science.,['Marvin Brandt']
Tell improve.,267,Audience support.,['Ashley Douglas']
Common over.,238,Need same source.,"['Richard Ramirez', 'Cynthia Perez', 'Kevin Silva']"
Sense shake.,125,Eight son.,"['Dr. Kayla Barnes', 'Heather Smith']"
Same discuss.,233,Help father continue.,"['Nathaniel Branch', 'Dalton Hunter']"
This town.,233,Film budget factor.,['Mary Alvarez']
Something.,160,Structure city oil project.,"['Jennifer Farmer', 'Jason Ayala', 'Jerry Soto']"
Speech.,195,Add image.,"['Jennifer Hendricks', 'Paul White']"
Again assume.,241,Market Republican.,"['Dawn Roberts', 'Jessica Johnson', 'Samantha Schmidt']"
Ok agency.,248,Child couple main.,"['Mitchell Young', 'Teresa Guzman', 'Christine Sanders']"
Then.,169,Outside better own.,"['Lisa Thomas', 'Robert Whitehead']"
Them.,306,Would similar.,"['John Harper', 'Annette Ramirez']"
Bit.,174,Decision assume.,"['Amy Anderson', 'Bobby Carter']"
Realize cultural.,359,Attention.,"['Amber Ferguson', 'Elizabeth Young', 'Heidi Ford']"
Sell.,150,Industry truth.,"['Lori Patel', 'Dylan Moore', 'Matthew Hawkins']"
Even act.,256,Mrs newspaper.,['Rhonda Edwards']
Hear.,275,Share them guy.,"['John Gates', 'Sabrina Wilson', 'Mackenzie Bates']"
Wife.,284,Choose entire.,"['Matthew Hawkins', 'Michelle Caldwell MD']"
Throw travel.,236,Per special.,['Melissa Griffin']
Age.,327,Per special.,['Gregory Stanton']
Issue.,291,Away determine.,"['Joe Mcclain', 'Robert Thomas', 'Jessica Smith']"
Whether.,274,Share them guy.,['Gregory Flowers']
Society.,202,Behind network along.,['Rachel Green']
Role up.,245,School home.,"['Kevin Silva', 'Kristen Davis']"
Herself.,261,Perhaps yet.,"['Cody Underwood', 'Jill Ellis']"
Task.,350,Ok whose.,['Melissa Johnson']
End you.,282,Government particular machine.,['Cynthia Perez']
Bank glass.,307,Eight son.,"['Jeremy Aguirre', 'Cody Underwood']"
Fill.,357,Movement join.,"['David Gonzalez', 'Marvin Brandt']"
Present.,311,Describe road.,['Peter Elliott']
Child adult.,278,Why two.,['Joseph Stokes']
Almost coach.,166,Behind network along.,['Sandy Hendrix']
Increase industry.,154,Again sound land.,"['Lisa Thomas', 'Cindy Cowan']"
Painting interesting.,341,Year example success.,"['Annette Ramirez', 'Christopher Henry']"
Education.,185,Shoulder whom.,"['Julie Wagner', 'Nicole Nunez']"
Arrive.,150,General training.,"['Ana Powers', 'Laura Davis']"
Three more.,247,Civil view.,"['Amy Tran', 'John Moore']"
Mention.,168,Actually chair.,"['Victoria Miller', 'Charles Haynes MD']"
Just ago.,348,Human couple.,"['Michelle Rivera', 'Keith Vaughn']"
Radio.,302,Skin.,"['Lori Patel', 'Sandra King']"
Company oil.,300,Against culture prove major.,"['Barbara Evans', 'Alexis Hayden']"
Else without.,175,Pull under clear.,"['Diana Douglas', 'Jermaine Lewis']"
Past.,292,Even why important.,['Bryan Callahan']
Central.,343,Nearly important protect.,"['Diana Gonzalez', 'John Stone', 'Bradley Graham']"
It will.,318,Capital citizen.,['Joy Pena']
Oil school.,314,Ok whose.,['William Montoya']
Beautiful into.,214,Responsibility I.,"['Carolyn Petty', 'Cheryl Owens']"
White.,222,Reason dream eye.,"['Michele Barker', 'Lisa Thomas', 'Deborah Guerrero']"
Itself.,221,Wide less.,"['Jessica Mahoney', 'Erika Smith', 'Rhonda Edwards']"
Two tell.,291,Outside better own.,['Michael Zamora']
Institution.,330,Hour quickly.,"['Natalie Keith', 'Mark Jefferson']"
World behind.,213,Whose leg.,['Michelle Baker']
Maybe young.,246,Impact wall nothing.,"['Trevor Wilcox', 'Cheryl Owens', 'Daniel Kemp']"
Act.,161,Audience support.,"['Kevin Silva', 'Louis Henderson', 'Richard Webb']"
The.,324,Structure city oil project.,"['Jennifer Hendricks', 'Richard Webb', 'Laura Bryant']"
Certainly.,221,Tree protect argue.,['Shelby Hendrix']
North involve.,294,Well along.,"['Matthew Hawkins', 'Mr. Brian Thompson', 'Jermaine Lewis']"
Describe.,314,Month customer.,"['Jason Bauer', 'Jonathan Nelson', 'Chelsea King']"
Community source.,213,Somebody like.,['Dalton Morales']
Tree.,329,Despite remember.,"['Michael Zamora', 'Kathryn Jones', 'Carolyn Petty']"
Job.,223,Building budget hundred.,['Lisa Thomas']
Scientist everything.,327,Ok whose.,"['William Joseph', 'John Lewis', 'Michelle Rivera']"
Interview blue.,135,Agent finish.,"['Lori Patel', 'Christopher Henry', 'Bryan Callahan']"
Author us.,302,Whether organization process.,"['Cheryl Owens', 'Cody Underwood', 'Gregory Stanton']"
Increase involve.,191,Difference order analysis.,['Ernest Miller']
Without name.,189,Whatever ground modern.,['Jason Ayala']
Full.,290,Human couple.,['Connie Vargas']
Picture mother.,355,Lot level letter.,"['Melissa Griffin', 'Rachel Green']"
Fire deal.,240,Save.,"['Judith Rollins', 'Charles Haynes MD', 'Shelby Hendrix']"
Share tend.,283,At voice drive.,"['Bobby Carter', 'Jacob Banks']"
Tough.,212,Perhaps yet.,"['Lisa Thomas', 'James Smith', 'Cody Underwood']"
Kind let.,268,Listen dog often.,"['Brenda Ewing', 'Cynthia Perez', 'Mr. Jason Little']"
True enough.,357,Yet make.,"['Erica Johnson', 'Chelsea King', 'Barbara Evans']"
True avoid.,304,Eight son.,['Jennifer Farmer']
Hold discover.,205,Against culture prove major.,['Lee Smith']
Add less.,153,Brother nor near.,"['Christine Sanders', 'Mr. Brian Thompson', 'Sean Wright']"
Finish.,155,Reason dream eye.,"['Jessica Johnson', 'Kayla Lynn', 'Kimberly Williams']"
Look.,208,Look chair.,"['David Gonzalez', 'Aaron Wilson']"
Skill.,344,Pull under clear.,"['Thomas Stephenson', 'Randy Murillo']"
Stand kitchen.,341,Somebody like.,['David Butler']
Site.,132,About however they.,['Allison Hoffman']
Throughout.,264,Front certainly well.,"['Chelsea King', 'Melissa Johnson']"
Skill.,300,Understand trouble.,"['Elizabeth Young', 'Tracey Williams']"
Maybe.,211,Look chair.,['Douglas Mathis']
Long.,225,Spend on.,['Michelle Rivera']
Would.,336,Government.,"['Shelby Hendrix', 'Mark Jefferson']"
All.,238,Fast teach again.,"['John Stone', 'Charles Haynes MD']"
When.,162,Ground even.,"['Cynthia Perez', 'Jerry Soto']"
Continue today.,161,Special officer good.,"['Diane Chavez', 'Jason Ayala', 'John Harrington']"
Character among.,294,Former impact challenge.,['Dr. Kayla Barnes']
Article.,268,Education cut.,"['Chelsea King', 'Sonya Johnson', 'Jermaine Lewis']"
Movie.,188,Per special.,"['Charles Haynes MD', 'Robert Wilson Jr.']"
Deal.,271,Community likely save.,['Heidi Ford']
Kind similar.,357,Result suggest represent.,"['Lisa Thomas', 'Amy Anderson', 'Samantha Dean']"
Part how.,305,Perhaps yet.,"['Rachel Green', 'Sonya Johnson']"
Movie.,222,Listen dog often.,['Ana Powers']
Good somebody.,231,Well along.,"['Diana Douglas', 'Anthony Bond', 'James Smith']"
Career at.,230,Marriage professor.,['Lisa Thomas']
Air.,358,Information five skin.,['John Harper']
Them.,193,Year example success.,"['Jonathan Nelson', 'Matthew Gutierrez', 'Teresa Guzman']"
Market explain.,280,Actually chair.,"['Jerry Soto', 'Amber Martinez']"
Before bank.,150,Understand appear.,"['Richard Pierce', 'Diana Gonzalez']"
Board happen.,164,Perhaps write which.,"['Louis Henderson', 'Julie Wagner', 'Jason Ayala']"
Beautiful.,328,Year raise.,"['Michael Zamora', 'William Montoya', 'James Young']"
Parent movement.,312,Save growth whom.,['William Joseph']
When.,225,Yet make.,"['Brian Swanson', 'Ryan Rivera', 'Elizabeth Young']"
Various represent.,358,All play strategy.,"['Jennifer Wong', 'Jason Bauer', 'Shannon Johnson']"
Bill.,165,Others since away.,"['Jason Bauer', 'Teresa Guzman']"
Game.,233,Budget or.,"['Gregory Stanton', 'Aaron Wilson', 'Trevor Wilcox']"
Part.,242,My off focus.,"['Carla Spence', 'Jessica Smith', 'Ashley Douglas']"
Look machine.,150,Anything probably big.,"['Randy Murillo', 'Thomas Stephenson']"
Pull agency.,309,Add image.,"['John Moore', 'Lisa Thomas', 'Dalton Hunter']"
At.,221,Marriage thousand result.,"['John Robinson', 'Erika Smith', 'Richard Ramirez']"
Within.,146,School miss.,"['Elizabeth Young', 'John Robinson']"
Goal.,181,Marriage thousand result.,['Jonathan Nelson']
Yes may.,206,Change what.,['Nicole Nunez']
Best business.,254,Structure city oil project.,"['Jill Herring', 'Nathaniel Mccann']"
Be police.,202,Although necessary.,['Kristen Davis']
Bad street.,220,Share purpose than.,['Molly Lambert']
Move.,146,Month customer.,['Ana Powers']
Seven.,171,Attention.,"['Jessica Johnson', 'Michael Zamora']"
Look.,262,Source buy memory culture.,"['Garrett Lopez', 'Melissa Johnson']"
Seat.,298,Machine plan.,"['Patricia Salazar', 'Thomas Stephenson']"
Each.,266,Total.,"['John Gates', 'Tracy Lewis']"
Turn serve.,290,Everything these here.,['Andrea Gonzalez']
Despite question.,286,Agreement debate interesting.,"['Nathaniel Branch', 'Peter Elliott']"
Spend.,216,Brother nor near.,['Dr. Kayla Barnes']
Card rest.,350,Accept clearly.,['Sean Smith']
Animal meet.,233,Year example success.,"['Daniel Kemp', 'Tracey Williams']"
Wonder.,288,Control inside guess apply.,['Trevor Wilcox']
Above.,122,Ok whose.,['Kristen Davis']
Increase machine.,133,Again sound land.,"['Sean Smith', 'Michele Barker', 'Jose Villegas']"
Letter.,346,Away determine.,"['Tracy Lewis', 'Walter Reed']"
Bit work.,278,Food marriage imagine.,"['Jacob Baker', 'Jill Herring']"
Coach religious.,240,Still lawyer space.,"['Tamara Costa', 'Richard Webb', 'Nicole Nunez']"
Conference money.,262,Market season.,"['Shelby Hendrix', 'Dylan Moore']"
Ahead each.,257,Share them guy.,"['Richard Webb', 'Jocelyn Camacho', 'Jessica Smith']"
Child.,193,School home.,"['Sean Smith', 'Judith Rollins', 'Kathy Brown']"
Fall house.,249,Until authority.,"['Kayla Lynn', 'Jasmine Larsen']"
Party.,231,According likely pay.,['Richard Webb']
Understand pretty.,239,Against culture prove major.,['Sean Smith']
Enter.,163,Into safe Mr.,"['Justin Hutchinson', 'Tamara Costa', 'Garrett Lopez']"
Voice.,239,Human couple.,"['Robert Wilson Jr.', 'Cassandra Howell', 'Mr. Jason Little']"
Issue data.,233,Name everyone.,"['Cassandra Howell', 'Michelle Yu']"
Save.,232,Full concern.,"['Chelsea King', 'David Butler']"
Owner respond.,121,Time child science.,"['Mackenzie Bates', 'Jose Villegas']"
Want Democrat.,204,Everybody loss have.,"['Daniel Kemp', 'Steven Velasquez']"
While.,214,American run partner.,['Sean Smith']
Operation.,247,Team than.,"['Jennifer Wong', 'Michele Barker']"
Cold government.,331,Actually chair.,"['Nathaniel Mccann', 'Jessica Erickson']"
Note thank.,263,Seek situation movement.,"['Victoria Miller', 'David Thomas']"
Give kid.,329,Education cut.,"['John Lewis', 'Michael Morales', 'Sonya Johnson']"
He your.,298,School home.,"['Dawn Roberts', 'Troy Hughes']"
Down.,286,Save.,"['Carla Spence', 'Caleb Frazier', 'Erika Smith']"
Agreement.,136,Result suggest represent.,"['James Young', 'Mark Jefferson', 'Justin Hutchinson']"
This.,207,Similar leader.,"['Tamara Costa', 'Kimberly Williams']"
Exist show.,162,Others since away.,['John Harrington']
Action above.,324,Impact wall nothing.,"['Whitney Johnson', 'Heidi Ford', 'Christopher Henry']"
With give.,297,Management wonder.,['William Joseph']
Reduce someone.,357,Although necessary.,['Cynthia Perez']
Rest election.,217,Nearly important protect.,['Dylan Rivera']
