titulo,usuario,musicas
At challenge base.,Richard Smith,"['Middle product.', 'Sort.', 'Television.', 'Friend.', 'Around forward.', 'Born.']"
Member guy.,Sandra Watson,"['Free management.', 'Data either.', 'Discuss.', 'Ground.', 'Oil school.', 'Rise.', 'Stock population.', 'Seat point.', 'Rest election.', 'Summer.', 'He.']"
Town it in.,Mary Gonzalez,"['Teach other.', 'Force provide.', 'Fly see.', 'Plan spend.', 'Several.', 'Side former.', 'Upon.', 'She.', 'Wide hour.', 'And hundred.', 'Spend.', 'Become computer.']"
Nothing picture bit.,Leroy Peterson,"['Firm.', 'Early.', 'Finish.', 'Some some.', 'Seven.', 'Though.', 'Heavy.']"
Sing enter market.,Robert Salinas,"['Prove phone.', 'Recognize product.', 'Consider.', 'Short.', 'Look machine.', 'Despite kid.']"
Key southern soon.,Brooke Hancock,"['Under.', 'Bit.', 'Lawyer.', 'Yes may.', 'Take.', 'Six.']"
Heart article shoulder.,Stephen Smith,"['Federal.', 'Run sure.', 'Discuss.', 'Before bank.', 'Wrong major.']"
Another whose.,Mark Anderson,"['Why music.', 'Recognize.', 'Term figure.', 'Ground material.', 'Simply quickly.', 'Save.', 'Operation.', 'Upon.', 'Middle product.']"
Eight finish look.,Rebecca Woodard,"['Note think.', 'Practice tough.', 'Leg game.', 'Goal.', 'Present.', 'Stage station.', 'Door different.', 'For detail.', 'Increase industry.', 'Condition.', 'Resource relate.', 'Kind.', 'Remain.']"
School knowledge between.,Tina Bates,"['Ground material.', 'Stand kitchen.', 'Response our.', 'When.', 'Image.', 'Reach will.', 'Front.', 'Central.']"
Chair easy.,Monica Singh,"['Federal.', 'Rise.', 'Much.', 'Continue.', 'Hotel.', 'Performance red.', 'Director cell.']"
Data view decide.,Jonathan Rhodes,"['Child evening.', 'Land benefit.', 'Can.', 'Heart.', 'Job.', 'Respond people.', 'Ground.', 'Industry late.', 'Their.', 'Great.', 'Fund.', 'Report.', 'Wide position.']"
Arm discussion gas.,Bradley Ho,"['Sense shake.', 'Wrong.', 'Again assume.', 'Establish suddenly.', 'Rock.', 'When room.', 'Color out.', 'Several.', 'Area.']"
Be perhaps.,Rachel Ewing,"['Lead four.', 'Speech.', 'Three more.', 'Job.', 'Remain fast.']"
Know wonder increase what.,Robert Smith,"['Should.', 'Something wish.', 'Middle.', 'Read.', 'Work.', 'Trouble.', 'Seek.', 'Go year.', 'Bad for.', 'Possible.', 'Director cell.', 'Give kid.']"
Father type job.,Tonya Chen,"['Prove phone.', 'Generation shoulder.', 'Around fight.', 'Hundred garden.', 'Hotel bag.', 'Store.', 'Music relate.', 'Example smile.', 'Board organization.']"
Main address down.,Ashley Morales,"['Friend.', 'Hundred garden.', 'Leg.', 'Simple national.', 'Few.', 'Performance red.']"
Game image.,Kristina Sellers,"['Its.', 'Your work.', 'Seem.', 'Usually media.', 'Yourself.', 'Smile.', 'Information recent.', 'Hear.', 'Spend.', 'Painting get.', 'Stand along.']"
Father product.,Jason Davis,"['Reality.', 'Present organization.', 'Develop Democrat.', 'Few.', 'Structure.', 'Early.', 'What.', 'Look machine.']"
Certain.,Stephanie Nguyen,"['Town.', 'Reflect.', 'Growth.', 'Board happen.', 'One.', 'Bring.', 'Worry energy.', 'Newspaper firm.', 'Lead four.', 'Here.', 'Beyond.', 'Drug forget.', 'Create.', 'Spring.', 'Yes.']"
Know after either.,David Norton,"['Teach sort.', 'Try.', 'Them.', 'Three significant.', 'Reality.']"
Tree market west.,Alan Morse,"['Author us.', 'Knowledge.', 'Economic.', 'Parent.', 'Board organization.', 'Common believe.', 'Goal.', 'Lawyer.', 'Few.', 'Sense shake.', 'Present choose.', 'Practice tough.', 'Difference road.', 'Everyone.']"
Read stop event system.,Keith Alexander,"['Others.', 'Author us.', 'Seat.', 'Wait wonder.', 'Again assume.', 'Mission.']"
Each.,Rachel Ewing,"['Scene.', 'Agent.', 'Food my.', 'Stock population.', 'Fact.', 'Ask.']"
Theory stuff.,Randy Thomas,"['Night.', 'Talk.', 'Agent east.', 'Blood.', 'Ok agency.', 'Toward wife.', 'Purpose office.', 'Tell.']"
Admit.,Stephanie Nguyen,"['Cell trial.', 'Middle.', 'Kind.', 'Last.', 'Bad for.', 'Personal stand.']"
Director rule.,Jennifer Mora,"['Age.', 'Best then.', 'Movie.', 'Someone.', 'Lay.', 'Add less.']"
Tell vote expect.,Christopher Martinez,"['Tree.', 'He your.', 'By money.', 'Kind similar.', 'In food.', 'Resource.', 'Realize cultural.', 'Opportunity policy.']"
Second traditional lose concern.,Leah Weaver,"['Smile.', 'Brother.', 'Middle.', 'Pass.', 'None.', 'Heart.', 'Night health.', 'Under first.', 'Plant.']"
Weight chair.,Stacy Porter,"['It.', 'Describe.', 'Industry late.', 'Much.', 'Night health.']"
Green animal ability.,Mrs. Erica Miller PhD,"['Economy agent.', 'You movie.', 'Seat point.', 'Try management.', 'Whole.', 'Present rest.', 'Painting interesting.']"
Left sense.,Donald Coffey,"['Article.', 'Among.', 'Note return.', 'Plant charge.', 'Decade land.', 'Daughter responsibility.', 'Effort.', 'Life.', 'Until.', 'Away risk.', 'Lead four.', 'Event.']"
Mrs letter quality.,Mr. Benjamin Hamilton,"['Generation shoulder.', 'Approach.', 'Hot right.', 'When.', 'Maybe young.', 'Blue action.', 'Evening.', 'Feel career.', 'Fight.', 'Project front.', 'Summer.']"
Work enough.,Mark Gilbert,"['Continue.', 'Heavy.', 'Doctor.', 'Industry late.', 'Decade land.', 'Thought find.', 'Town.', 'Probably class.', 'Reach will.', 'Learn.', 'Evidence.']"
Clearly.,Daniel Taylor,"['Himself market.', 'Sell.', 'Newspaper dark.', 'Should.', 'Career cultural.', 'Movie network.', 'Learn task.', 'Be police.', 'Front.', 'Cold government.']"
Mrs born.,James Fisher,"['Want Democrat.', 'Last.', 'Allow.', 'Type his.', 'Economic.', 'Child.', 'Always first.', 'Tree.', 'Third.']"
Short truth food.,Christine Jones,"['Wear.', 'None.', 'Conference.', 'Own soldier.', 'Score.', 'Throughout.', 'Produce.', 'Might mouth.', 'Purpose office.', 'Newspaper dark.', 'Your work.']"
Size fill word.,Kevin Mitchell,"['At.', 'Try management.', 'Support local.', 'Tough.', 'Race.', 'Reflect.', 'Onto fire.', 'Soon people.', 'Decision operation.']"
Piece sound add out.,Keith Alexander,"['Parent movement.', 'Spend.', 'Receive.', 'Reflect.', 'Mission.', 'Example indeed.']"
Determine pick himself.,Kristina Sellers,"['Tree.', 'Quickly.', 'Born.', 'Anyone.', 'Painting interesting.']"
Figure within.,Emily Tucker,"['Several.', 'Economic.', 'See perform.', 'Kind.', 'Beyond.', 'True enough.', 'Ground take.', 'Chance end.', 'Prove phone.', 'Despite question.', 'Democratic.', 'Add.', 'Our her.']"
Rate also.,Chloe Anderson,"['Wide position.', 'Any.', 'Yeah green.', 'Wait wonder.', 'Wrong major.', 'Light.']"
Local guess myself media.,Robert Smith,"['Agreement.', 'Throughout.', 'Feel career.', 'Cover.', 'Goal.', 'Similar.', 'Consider.', 'Board happen.', 'Wife.', 'Throw travel.', 'Rich side.', 'Federal.', 'Fight.', 'Area person.']"
Production somebody life.,Christopher Zuniga,"['When.', 'Scientist everything.', 'Fund.', 'Yes.', 'Part how.']"
Tell discussion provide.,Robert Salinas,"['Society remain.', 'Present choose.', 'These structure.', 'Spring.', 'Kind let.', 'Rise.', 'Culture.', 'Stand along.', 'International.', 'Career whole.', 'Buy any.', 'Various represent.', 'Heavy.', 'Kind.']"
Middle pretty drug.,Samantha Ramirez,"['Possible.', 'Own both.', 'Lawyer.', 'Age.', 'Society remain.', 'Television choice.', 'Raise market.']"
While choose.,Laura Jones,"['Quality.', 'Blue.', 'Administration.', 'Hundred measure.', 'Support produce.', 'Create.', 'Seek those.', 'City despite.', 'Walk.', 'Everyone.', 'Lead four.', 'Father bank.']"
Able way.,Stephanie Nguyen,"['Coach religious.', 'Assume customer.', 'Discuss fear.', 'Market explain.', 'Can.']"
Together east.,John Brown,"['Again assume.', 'Theory.', 'Work.', 'Street.', 'Or soldier.', 'Owner respond.', 'Bit.']"
Activity meeting.,Megan Huff,"['Food my.', 'Light actually.', 'Performance red.', 'Threat.', 'None.']"
Thing push.,Richard Richardson III,"['Congress sister.', 'Pull agency.', 'Off boy.', 'Add.', 'Rock.', 'The.', 'Ground.', 'Last.', 'Be police.', 'Get speech.']"
Degree personal.,Scott Sanders,"['Fire deal.', 'Scientist everything.', 'Front.', 'Ahead each.', 'Report check.', 'Democratic.', 'Behavior thing.', 'Hundred measure.', 'Professor.', 'Light actually.', 'Voice.']"
Someone last although.,Joseph Alexander MD,"['Recent even.', 'Its.', 'Best business.', 'Situation.', 'Personal stand.', 'Service.', 'Report check.', 'Light everybody.']"
Mention draw.,Jennifer Morgan,"['Police dream.', 'Young poor.', 'Game.', 'Wide knowledge.', 'Kid factor.', 'Until.', 'Your operation.', 'Share tend.', 'Address base.']"
Beyond also thought.,Richard Powell,"['Air.', 'Month.', 'Look.', 'She.', 'Probably pattern.', 'Kind let.', 'Act.', 'Store.', 'Single.', 'Model.', 'Purpose office.']"
Everyone grow.,Steven Gordon,"['Sister outside.', 'Hotel.', 'Type his.', 'View.', 'Business suffer.', 'This town.', 'Guess condition.', 'Contain.', 'Drug forget.', 'Rock.']"
Traditional.,Lisa Green,"['Fight.', 'Blue action.', 'Last.', 'Life.', 'Social stop.', 'Difference tough.']"
Skill rather about.,Michele Spencer,"['President including.', 'Heart.', 'Yes.', 'Ask.', 'Rich side.', 'Talk.', 'Tv more.', 'Without letter.', 'Case.', 'Inside write.', 'Deep.', 'Increase involve.']"
Natural.,Richard Richardson III,"['Stuff general.', 'Movie network.', 'Wait wonder.', 'Site less.', 'Yeah money.', 'One him.', 'Enough young.', 'Company.', 'Beautiful way.', 'Language.', 'Quickly evidence.', 'Ground material.']"
Grow data language.,Jessica Todd,"['Career whole.', 'Toward wife.', 'Cup coach.', 'Oil you.', 'Present.', 'Single.', 'Three more.', 'How seem.', 'Tax.', 'Whose.', 'Threat.', 'President including.']"
Work clearly.,Lisa Mckinney,"['Everyone.', 'Land benefit.', 'Resource voice.', 'Prepare war.', 'By money.']"
May dinner any science.,Katrina Pace,"['Big image.', 'Trouble.', 'Force provide.', 'Its.', 'Around forward.', 'Save.']"
Both everything somebody.,Hannah King,"['Single charge.', 'Company.', 'These structure.', 'Federal.', 'Quickly evidence.', 'Run sure.']"
Building least keep.,Pamela Crosby,"['Music relate.', 'Place role.', 'Force provide.', 'Look.', 'Single charge.']"
Power eye.,Lisa Ramsey,"['Adult.', 'Still.', 'Describe.', 'Board happen.', 'Side former.', 'Camera society.']"
Structure free hope.,Megan Huff,"['Above.', 'Pick.', 'Dream.', 'Ok agency.', 'Field.']"
Miss character.,Derek Simpson,"['His red.', 'Increase industry.', 'It old.', 'Really.', 'Policy yes.', 'He tend.', 'Or.', 'Seem morning.', 'Week claim.', 'White.', 'Fall house.', 'Reality.', 'Bar keep.']"
Understand pretty conference.,Adrian Nolan,"['Long.', 'Walk.', 'Million sister.', 'Television choice.', 'Coach.', 'Throw travel.', 'Seat.', 'Machine.', 'Assume customer.', 'Dream.', 'Couple.', 'Tree.', 'He.']"
Series watch involve.,Jennifer Gomez,"['Theory.', 'Big image.', 'Them.', 'Seven.', 'Economic.', 'Hundred garden.', 'National.', 'Possible.', 'Right themselves.', 'Single.']"
Office service view.,Christopher Martinez,"['Finish condition.', 'Create.', 'Up interesting.', 'Finish condition.', 'Board organization.', 'Machine.', 'Try.', 'Then.', 'Concern.', 'Decision operation.', 'Part how.', 'Them.', 'Decade land.', 'Still.', 'Same discuss.']"
Voice arrive.,Sarah Rodriguez,"['Particularly tree.', 'Life role.', 'Clearly.', 'Goal.', 'Three.', 'Tell.', 'Exist show.', 'Five though.', 'Company oil.', 'Though.']"
Sit choose clear.,Cameron Medina,"['Democratic eight.', 'Cup coach.', 'Dream.', 'Until.', 'Well.', 'Set economic.', 'Single charge.', 'Congress.', 'Quality.']"
Prevent yes main.,Donald Coffey,"['Kind similar.', 'He.', 'Maybe.', 'Base.', 'Mission.', 'Board happen.', 'Brother.', 'Really boy.', 'Food my.', 'Stand.', 'Maybe.']"
Group save possible.,Briana Burton,"['You movie.', 'Kind.', 'Fall.', 'This town.', 'Body.', 'One.']"
West score.,Rebecca Tyler,"['Common over.', 'Skill.', 'Culture ever.', 'Consider state.', 'Hot right.', 'Ahead each.', 'Structure.', 'Deal.', 'By money.', 'Own soldier.', 'Prove phone.', 'Compare.', 'Choice.', 'Director cell.']"
Ever amount minute.,Patrick Rodriguez,"['Or.', 'Three more.', 'Whole.', 'Continue with.', 'Himself.', 'Support produce.', 'Recognize product.']"
Key one I.,Sheryl Nichols,"['Family.', 'Then.', 'Work.', 'Anyone dog.', 'Close action.', 'Still.', 'Wait wonder.', 'Indicate.']"
International learn wind.,Melissa Madden,"['Produce.', 'Produce.', 'Mention.', 'Clearly.', 'Common believe.', 'Soon people.', 'Dream.', 'Later.', 'Force provide.', 'Evening.', 'Feel career.']"
Skill loss.,Jennifer Dean,"['Note.', 'Moment itself.', 'Individual hand.', 'Some some.', 'Rest present.']"
Wind more role.,William Odom,"['About.', 'Administration.', 'He.', 'Above.', 'Message wear.']"
Just sort white.,Adrian Nolan,"['Himself market.', 'Owner respond.', 'Effort.', 'Plan.', 'Scene.', 'Mission.', 'Actually.', 'Seat.', 'Shoulder environmental.', 'Save.', 'Community.', 'Company.', 'Friend.', 'Around forward.', 'Could spend.']"
Produce close.,Michael Smith,"['When.', 'Dream.', 'Article.', 'Leave.', 'Suddenly pay.']"
Lead.,Janet Yu,"['Opportunity policy.', 'Heart.', 'Want Democrat.', 'Around fight.', 'Prove phone.', 'Politics artist.', 'Federal.', 'He.']"
Receive civil fill.,Amy Wood,"['Pull agency.', 'Agent east.', 'One.', 'Fall.', 'Federal.', 'Teach sort.', 'Hundred garden.', 'Movie.', 'Win.', 'Woman.']"
Total quite away.,Debra Price,"['Share tend.', 'Particularly tree.', 'Act.', 'Last.', 'Year individual.', 'Take.', 'Performance red.', 'Community source.', 'Can.', 'Television.', 'Single charge.', 'List foreign.', 'Tv more.']"
Song.,Michele Spencer,"['Several.', 'Rock.', 'Without name.', 'Follow from.', 'Create.', 'Right themselves.', 'His red.', 'Cell trial.', 'Pass.', 'Long.', 'High step.', 'Deal.', 'Card.']"
Purpose.,Tom Marsh Jr.,"['Rate north.', 'Fire choice.', 'Rate.', 'Floor.', 'Or.', 'Them.', 'Our her.', 'Clear prevent.', 'Head.', 'Guess condition.', 'Fight.', 'Tell improve.']"
Hotel surface unit.,Carol Gibson,"['Media.', 'Contain.', 'Upon.', 'Level focus.', 'Month.', 'Fact.', 'Beat along.', 'Air.', 'Minute wide.', 'Body onto.', 'Spring.', 'Enter.', 'Friend.', 'Certain major.', 'Bag half.']"
My rate.,Ashley Morales,"['Three significant.', 'Anyone house.', 'Approach.', 'Teach sort.', 'Wonder.', 'Country probably.', 'Might mouth.', 'Police dream.', 'Kind.', 'Free management.', 'Several.', 'Share tend.']"
Get easy.,Ashley Morales,"['Whose.', 'Certainly who.', 'Ground material.', 'Year individual.', 'Growth.', 'Stand return.', 'Base.', 'Personal stand.', 'Child adult.']"
Sometimes development.,Amy Wood,"['Stage station.', 'Get each.', 'Part how.', 'Its.', 'Current hear.', 'Social.']"
Upon natural arrive.,Leslie Taylor,"['Music relate.', 'Despite kid.', 'Drug forget.', 'Common believe.', 'Else without.', 'Later.', 'Lawyer.', 'Himself.', 'Seem.', 'She.', 'Price.', 'Deal.', 'Week claim.', 'Letter.']"
Mention top.,Janet Sparks,"['Cause article.', 'Guess how.', 'While.', 'She.', 'Learn task.', 'Growth.', 'Direction.', 'Deal.', 'Stuff.', 'Exist.', 'Fly see.']"
Staff hold near.,Priscilla Williams,"['Just ago.', 'Newspaper firm.', 'Can.', 'Probably employee.', 'Fear.', 'Himself.', 'Administration.', 'Finish condition.', 'Customer fine.', 'See.', 'Senior recognize.']"
Dinner author appear.,Erin Smith,"['Rate north.', 'Wear.', 'Radio.', 'Development another.', 'Budget.', 'Create.', 'Month.', 'Section something.', 'Road.', 'War.', 'Entire sell.', 'Big image.', 'Consider.']"
Smile area appear.,Christopher Delacruz,"['Maybe common.', 'Site.', 'Television.', 'Report.', 'Above.']"
Open remain water.,Stephanie Nguyen,"['Well.', 'Individual hand.', 'Ground take.', 'Heavy.', 'Air.', 'Partner something.', 'Cold government.', 'Against.', 'Hundred garden.']"
Tough.,Shawn Jones,"['Despite kid.', 'Yet it.', 'Least her.', 'Society receive.', 'Economic.', 'Blood.', 'Light actually.']"
Care run rich.,Wayne Alvarado,"['Tell.', 'Seek.', 'Later.', 'Face.', 'Probably employee.', 'Area.', 'South.', 'Upon.', 'Describe.', 'Or soldier.']"
Affect relate.,Thomas Bolton,"['Area.', 'Reality.', 'Price.', 'Various represent.', 'Part.', 'Road.', 'Try.', 'Own soldier.', 'Serve pass.', 'Say while.']"
Stay clear.,Carol Gibson,"['Can.', 'Try write.', 'Something wish.', 'Parent movement.', 'Expect.', 'Enough young.', 'Hour.', 'Role.']"
Family them.,Tina Bates,"['Big image.', 'Clear prevent.', 'Minute degree.', 'Case.', 'Should.', 'Month.', 'Heavy.', 'Exactly.', 'Example red.']"
Through general as.,Wendy Wright,"['Hold discover.', 'Above.', 'After party.', 'Number middle.', 'Stock learn.', 'Ten truth.', 'Body.', 'Structure.', 'Night.', 'Mission.', 'Yourself.']"
Wife whether small.,Ashley Navarro,"['Water cost.', 'Interview blue.', 'Role.', 'Bill nor.', 'Three.']"
How serve my.,Andrew Williams,"['South.', 'Difference tough.', 'South fire.', 'Mission.', 'Ask.', 'Operation.', 'Middle product.']"
Health above.,Stacy Porter,"['South.', 'Simple national.', 'Turn.', 'Whether.', 'Include traditional.', 'Whatever two.', 'Well.', 'Coach.', 'Tree.']"
Use guy teacher.,Robert Smith,"['List should.', 'Area.', 'Any.', 'Senior recognize.', 'Coach.', 'Animal meet.', 'Return near.', 'Night.', 'Agent.', 'Personal stand.', 'Hundred measure.', 'Best then.', 'Opportunity policy.', 'Personal stand.', 'Affect north.']"
Long arm whether.,Travis Torres,"['Happy.', 'Night.', 'Paper.', 'Area person.', 'First.']"
Dinner seven write.,David Norton,"['Movie.', 'Try write.', 'Center.', 'Race.', 'Address base.', 'Look.', 'Think health.', 'Thus thought.', 'Second owner.', 'Its.']"
Bag because religious.,Jennifer Mora,"['Around forward.', 'Television.', 'Career whole.', 'Television choice.', 'Full.', 'Share tend.', 'Ever against.', 'Maybe common.', 'Leave.', 'Eye majority.', 'Happy.', 'Action above.', 'Pretty civil.', 'Follow from.']"
Two.,Thomas Bolton,"['When.', 'Say.', 'Rock.', 'Movie network.', 'Blue action.', 'Article.']"
Avoid level let.,Wayne Alvarado,"['Doctor.', 'Else without.', 'Run.', 'Town.', 'Official hundred.']"
Southern after change.,David Norton,"['Look.', 'Movie.', 'Town.', 'Wide hour.', 'Wide position.', 'Second sound.', 'Six cup.', 'Recognize.']"
Study happen.,Rebecca Tyler,"['Course.', 'Leg game.', 'Lawyer.', 'Cover party.', 'Beautiful.', 'Several.', 'Exactly.']"
Democratic note similar late.,Christine Jones,"['Try.', 'Hear.', 'Everyone.', 'Later.', 'Whose.', 'War.', 'Cover.', 'Interview stop.', 'Cell.', 'Area defense.', 'Say.']"
Fall wall.,Keith Alexander,"['Three power.', 'Must stuff.', 'Several.', 'Maybe common.', 'Society receive.', 'Certainly who.', 'Actually.', 'Job.', 'Tree.', 'Beautiful into.', 'Project front.', 'Be white.', 'Light actually.']"
Three stock fine.,Ms. Kim Jones,"['Rock.', 'Kind.', 'Out.', 'Well.', 'Official hundred.', 'Them.', 'Side former.', 'Stuff.', 'Painting get.', 'Bill.', 'Site less.', 'Discuss.', 'True.', 'On.', 'Some some.']"
Could instead.,Steven Gordon,"['Exactly.', 'Prevent.', 'Often.', 'Opportunity policy.', 'Difference road.', 'Community.', 'Indicate than.', 'Wear.', 'Probably employee.', 'Any.', 'Various represent.']"
Sound.,Erin Smith,"['Between.', 'Hot right.', 'Air.', 'Seat.', 'Operation.', 'Student.']"
Consumer region.,Randall Haney,"['For detail.', 'Top.', 'Front.', 'Social.', 'Parent.', 'Company.', 'Meeting.', 'Bring.', 'Seek.', 'Operation.']"
Consumer.,Melissa Madden,"['Training organization.', 'Scientist everything.', 'Movie.', 'Finish.', 'Issue data.', 'Difficult.', 'Bank glass.', 'Camera society.', 'Nice education.', 'Individual hand.', 'About.', 'Partner something.']"
Know modern.,Douglas Lopez,"['Least her.', 'Try.', 'Realize cultural.', 'Cell.', 'Black short.', 'Air.', 'Something wish.', 'Student.', 'Deal.', 'South fire.', 'Discussion.', 'West again.', 'They idea.']"
Kid those least phone.,Timothy Torres,"['Oil you.', 'Win.', 'Education.', 'Base.', 'Tough audience.', 'Economy agent.', 'Yeah green.', 'Teach sort.', 'Skill.', 'Yet it.', 'Cost.', 'Interview blue.', 'Resource.', 'Contain.']"
Age point than.,Charles Lewis,"['Result.', 'Recognize.', 'Down central.', 'See perform.', 'School.', 'Environment.', 'Politics artist.', 'Quickly.', 'Weight.']"
Half rate.,Jonathan Smith,"['By money.', 'Have.', 'Enough.', 'Ground take.', 'Information recent.', 'Party.', 'Early.', 'Best business.', 'Oil school.', 'Save.', 'Read.', 'Show enjoy.', 'Arrive.']"
Turn yard health.,Stephanie Nguyen,"['Present organization.', 'Sort.', 'Task.', 'Maybe common.', 'Himself.', 'Them.', 'Check.', 'Enough.', 'Say.', 'We.', 'Increase involve.', 'National.', 'See perform.', 'Congress sister.']"
Among direction might.,Leah Weaver,"['Itself.', 'Take.', 'Throughout.', 'And hundred.', 'Head.', 'Model.', 'South.', 'Trouble pattern.', 'Everything.', 'Reality.', 'Last.']"
Suffer.,Jessica Davis,"['Company.', 'Stand along.', 'Rest election.', 'Individual hand.', 'Take.', 'Option area.', 'Student.', 'Only country.', 'Wife per.', 'Believe.', 'Force drug.', 'Beautiful.', 'Quality.', 'Part how.']"
Make president.,Michele Spencer,"['Customer.', 'Hair.', 'Policy.', 'Deal.', 'Democratic eight.', 'Leave.', 'Wife.', 'Task.', 'Child.', 'Evening.', 'Maybe.', 'Tell improve.', 'Raise.']"
Southern relationship pattern.,Tyler Sparks,"['Ask.', 'Indicate.', 'Good somebody.', 'Happy.', 'Your operation.', 'Party.', 'Order.', 'Own soldier.', 'After turn.', 'Maybe.', 'Generation shoulder.', 'Generation shoulder.', 'Away risk.', 'Bit.', 'Above time.']"
Friend other war.,Joshua Hamilton,"['Add.', 'Minute degree.', 'Conference money.', 'General compare.', 'Add.', 'Difference road.', 'Hotel.']"
Focus husband figure.,Michele Spencer,"['Then.', 'Consider state.', 'Thus thought.', 'Effort.', 'Second sound.', 'Body onto.', 'Indicate.']"
Realize life me.,Connor Ramos,"['Air.', 'Town.', 'Fight.', 'Leg game.', 'Carry.', 'Week claim.', 'Practice tough.', 'Present.', 'Cell trial.', 'Operation life.', 'Order.', 'Ten truth.', 'Air.', 'Knowledge.', 'Force.']"
Clear answer employee.,Mr. Brett Bailey,"['Boy spring.', 'Case find.', 'Check.', 'Himself market.', 'The.', 'Score.', 'Agent east.', 'Give kid.']"
Already its.,Sandra Watson,"['Ask.', 'Cost.', 'Go year.', 'Child adult.', 'Community.', 'Difference tough.', 'Training manager.', 'College.', 'Listen.', 'Why music.']"
Off wish see.,Craig Sloan,"['Role up.', 'Quickly.', 'Camera society.', 'Federal.', 'Board happen.', 'Good somebody.', 'Beyond.', 'Seat sort.', 'Approach.', 'Night health.', 'Relationship.', 'All.']"
Outside early will.,Mark Anderson,"['Bank glass.', 'Wrong.', 'Party.', 'Role.', 'Seem morning.', 'Life.']"
Question particularly.,Andrew Moore,"['Month.', 'These.', 'Your operation.', 'True of.', 'Trouble pattern.', 'Force drug.', 'Goal.', 'Thought find.', 'Game.', 'Consider state.', 'Term figure.']"
Program public tough.,Carol Gibson,"['Leg claim.', 'Feel career.', 'Itself.', 'Town.', 'Much.', 'Land benefit.', 'Number middle.']"
Bit environmental speech.,Erin Smith,"['Pretty civil.', 'Lose.', 'Force.', 'Wide hour.', 'Tree.', 'Father bank.', 'Rate out.', 'Research.', 'Environment.']"
Four oil stage summer.,Marissa Thomas,"['Try.', 'Cut free.', 'Note.', 'Case.', 'With give.', 'North involve.', 'Tax.', 'Might mouth.', 'Bad street.', 'The.', 'Guess condition.', 'While.']"
Analysis.,Lisa Green,"['Teach sort.', 'Expert child.', 'We.', 'Let yourself.', 'Run.', 'Company.', 'Data either.', 'Might mouth.', 'Stuff same.', 'Son allow.', 'Country him.', 'Area defense.', 'Agency.', 'Television choice.', 'The.']"
Last only claim.,Lisa Mckinney,"['Owner respond.', 'Continue today.', 'Product.', 'Response.', 'Market explain.', 'Life role.', 'Hard science.', 'Environment.', 'Professor.', 'Wife.', 'Model.', 'Then.', 'Whatever design.', 'Take.']"
Radio government include.,Amber Edwards,"['Remain fast.', 'Ground take.', 'Price.', 'Fire deal.', 'Example smile.', 'Cup coach.', 'Thus thought.', 'Get each.', 'Kind.', 'Area.', 'Floor.', 'Kind let.', 'Institution.', 'Individual hand.']"
Black season situation.,Joseph Alexander MD,"['Recognize.', 'Best then.', 'Wrong.', 'Share tend.', 'Base.', 'Rise charge.', 'Ground.', 'Performance.', 'Seem morning.', 'Report.', 'Town.', 'Picture mother.', 'Concern.', 'Might mouth.', 'Win.']"
Appear affect.,Robert Smith,"['Create.', 'Deep.', 'Owner respond.', 'Head.', 'Pm money.', 'Stock learn.', 'Sign recent.', 'Before bank.']"
Decade myself open.,Stephanie Nguyen,"['Tree.', 'Save.', 'Doctor.', 'Arrive.', 'Middle.', 'Support.', 'Around forward.', 'About.', 'Yes.', 'Return.', 'Report check.', 'Look.', 'Then.', 'President including.', 'About direction.']"
Side successful free.,Terry Gibbs,"['Just.', 'Smile.', 'Home billion.', 'Recently attack.', 'Air.', 'Head.', 'Blue action.', 'Guess condition.', 'Recently attack.', 'Town.', 'Best then.', 'Federal.', 'Act.', 'Be white.', 'West again.']"
Soldier hot minute raise.,Ms. Diana Ford DDS,"['Without letter.', 'Room.', 'Door different.', 'Morning start.', 'Later.', 'Bring.']"
Speak dog.,Veronica Parker,"['Create.', 'Them.', 'Hotel.', 'Present choose.', 'Try feel.', 'Seek those.', 'Article.', 'Fight.', 'But for.', 'Federal.']"
Couple yard kid her.,Hannah King,"['Tell.', 'Discuss fear.', 'Official hundred.', 'Leave.', 'View.', 'Issue data.', 'Well.', 'Site less.', 'Company.', 'Development another.', 'Difficult.', 'National.', 'By money.', 'Recognize product.']"
Sister water off.,Ricardo Rivera,"['Police dream.', 'Issue data.', 'Raise market.', 'Imagine glass.', 'True.', 'Above.', 'Growth half.', 'Become computer.', 'Fight.', 'High step.', 'Necessary increase.', 'Job.', 'Role up.', 'Plan town.']"
Well fight or.,Stephanie Nguyen,"['Myself.', 'Budget.', 'Go.', 'Force provide.', 'Why music.', 'Difference baby.', 'Turn.', 'Them.', 'Note think.', 'High step.', 'Month.', 'Purpose office.']"
Dream suddenly responsibility free.,Gregory Roberts,"['Check.', 'Performance red.', 'House.', 'Political report.', 'Enjoy.']"
Responsibility he.,Nicholas Rasmussen,"['Bad street.', 'Blue treatment.', 'Maybe.', 'Certainly.', 'Here.', 'Front.', 'Reality.', 'Raise market.', 'Probably employee.']"
President never cause.,Lisa Mckinney,"['When room.', 'Fact.', 'Eye majority.', 'What.', 'Miss room.']"
Possible difficult right.,Terry Gibbs,"['Leave one.', 'Worry energy.', 'Learn.', 'Increase involve.', 'Heart officer.', 'Bad for.', 'Minute degree.', 'Cover party.', 'Free management.', 'Realize cultural.', 'Month.']"
Only.,Kristina Horn,"['True of.', 'Surface.', 'Score.', 'These.', 'When room.', 'Place role.', 'Value.', 'Race.', 'Entire sell.', 'Child.', 'Night health.', 'Decide.', 'Imagine glass.']"
Also wind.,Abigail King,"['Born.', 'Fight.', 'Fear.', 'Cover party.', 'Area.', 'Detail.', 'Great.', 'Letter.', 'Role.', 'Reflect.', 'Prepare war.', 'Myself.', 'Fact.', 'Voice.']"
Citizen customer how.,Bradley Ho,"['Foot onto.', 'Understand pretty.', 'Surface.', 'Exist foot.', 'Act.', 'Them.', 'Include traditional.', 'Return near.']"
Start everybody institution.,Deborah Patterson,"['Maybe.', 'Several.', 'Education.', 'Speech.', 'Fact.', 'Check.', 'Act.', 'Color out.', 'Mission.', 'Clearly.']"
Although far.,Joseph Williams,"['Professor.', 'Hear.', 'True enough.', 'Bad street.', 'Rest election.', 'Agency.', 'Three turn.', 'Few five.', 'Wrong.', 'Policy yes.']"
Road great production.,Katrina Pace,"['Else without.', 'Ground.', 'Partner something.', 'Need.', 'The.', 'Friend.', 'Tree.', 'Three.', 'Federal.', 'Fact.', 'Learn task.']"
Change cost.,Amber Edwards,"['Rock.', 'Job.', 'Reflect.', 'Option area.', 'Establish suddenly.', 'Seem morning.', 'Among.']"
Commercial back.,Kathy Silva,"['Suggest break.', 'Detail.', 'Bit work.', 'Good somebody.', 'Take.', 'Performance.', 'Speech.', 'Market explain.', 'Stand.', 'Center.', 'Before bank.']"
Simple difference.,Mr. Sergio Leonard Jr.,"['Second.', 'Say.', 'Example red.', 'South.', 'All.', 'Look machine.', 'Life role.', 'Respond people.', 'Plan town.', 'Single.', 'Child.', 'Allow.', 'Often.', 'Ask.']"
Gun meet.,Craig Sloan,"['Without letter.', 'Education.', 'Save.', 'Continue today.', 'Company.', 'Doctor.', 'Tough.', 'Kind.', 'Rock.', 'Night.', 'Friend.']"
Firm wife.,Jennifer Morgan,"['Fact.', 'First.', 'Conference money.', 'Guess condition.', 'Still.', 'Tv.', 'Despite question.', 'Inside write.', 'Bag.', 'Before bank.', 'Clear move.']"
Among those staff.,Manuel Chen,"['Interview blue.', 'Finish condition.', 'Hard science.', 'Get speech.', 'Debate.', 'Best then.', 'Have.']"
Issue somebody.,Stacy Porter,"['Institution.', 'Last.', 'Community.', 'Raise market.', 'Admit.', 'Air.', 'Policy yes.', 'Everything.', 'Expect price.', 'High step.', 'Happy.', 'Seat point.']"
Believe role.,Leslie Taylor,"['Skill.', 'Else without.', 'Stuff.', 'Expert child.', 'Bag half.', 'Himself.', 'Data either.']"
Individual oil participant.,Amanda Martinez,"['Finish condition.', 'Difficult.', 'Life.', 'President including.', 'City despite.', 'Hotel bag.', 'Example smile.', 'Force serious.', 'Company.', 'Without impact.', 'Exist.', 'College.', 'Be police.', 'Learn task.', 'Fly.']"
List pressure.,Gabriel Smith,"['Prepare it.', 'Well.', 'Enough.', 'Against election.', 'Body onto.', 'Fact.', 'Game.', 'Develop.']"
Local account then.,Melissa Cook,"['Around fight.', 'Stuff.', 'Fire choice.', 'Growth.', 'Fly.', 'But for.', 'Run sure.', 'Fire choice.', 'Probably pattern.', 'Build manager.', 'Quality.', 'Minute degree.']"
Fight big.,Thomas Bolton,"['Raise.', 'Where open.', 'Herself.', 'Center.', 'Certainly.']"
Myself hit seem.,Amanda Martinez,"['Weight.', 'Agent.', 'Decide.', 'Up interesting.', 'Report check.', 'Wear.', 'At.', 'Early.', 'Economy agent.', 'Goal.', 'Election.']"
Real part trip.,Mr. Brett Bailey,"['Structure.', 'Cover.', 'Clear move.', 'Rate.', 'Age.', 'Site less.', 'Middle.']"
Black painting inside.,Randy Thomas,"['General gun.', 'House.', 'Difficult.', 'Be white.', 'Against.', 'Recognize product.', 'Take.', 'Stuff.', 'Customer.']"
Agent over common PM.,Thomas Bolton,"['Exactly.', 'Difficult.', 'College.', 'Yes may.', 'Evidence.', 'Try management.', 'Later.', 'Special.', 'Inside write.']"
Itself allow.,Jessica Carter,"['Between.', 'South fire.', 'Then.', 'Beautiful.', 'Probably class.', 'Cell trial.', 'Resource relate.', 'Different.', 'Force serious.', 'Scientist everything.', 'Race.', 'Well.']"
Cup picture movie.,Rebecca Tyler,"['He.', 'Media.', 'Determine line.', 'Democratic.', 'Receive.', 'Wrong major.']"
Debate technology trade.,Robert Leblanc,"['Until charge.', 'Economy tend.', 'Foot onto.', 'Summer.', 'Clear prevent.', 'Exactly.', 'Become.', 'View today.', 'Fight.', 'Few five.']"
Study.,Steven Gordon,"['Fear.', 'Author us.', 'This.', 'Necessary.', 'But for.', 'Part how.', 'Wind support.', 'Oil you.', 'Politics artist.']"
Though forward return.,Robert Smith,"['Course.', 'Guess condition.', 'Above.', 'Guess how.', 'Skill.', 'Note thank.', 'Adult.']"
Pattern debate.,Lisa Mckinney,"['Company.', 'Ground.', 'After party.', 'Support produce.', 'Common over.', 'Happy last.', 'Act.', 'Front win.']"
Really pass much.,Craig Sloan,"['Dream.', 'Career at.', 'Stage station.', 'Stand return.', 'Quality.', 'Career cultural.', 'Deep.', 'High step.', 'Rate north.', 'Look.', 'Fly.', 'Particularly tree.']"
Show.,Mr. Sergio Leonard Jr.,"['Direction.', 'When.', 'Economic.', 'Learn task.', 'Would.']"
Cell appear.,Megan Huff,"['Face.', 'Early real.', 'Mission.', 'Price.', 'Light.', 'Include.', 'National.', 'Ahead each.']"
Tell training fight.,Lori Wilson,"['Owner degree.', 'Develop Democrat.', 'Cup coach.', 'Guess condition.', 'Fly.', 'Within.', 'Or soldier.', 'Write.', 'Early real.', 'Environment.', 'Decade land.', 'Section something.']"
Central.,Rachel Ewing,"['Evening.', 'Respond people.', 'Radio.', 'Believe.', 'Although.']"
There worry.,Mr. Brett Bailey,"['Require decision.', 'Draw.', 'Common over.', 'Myself.', 'Your work.', 'Good somebody.', 'House.', 'Onto fire.', 'Can.', 'Level focus.', 'Card.', 'Section something.', 'South.']"
Take begin.,Latasha Carson,"['Small should.', 'Theory.', 'Article.', 'Prove phone.', 'The.', 'Strategy seem.', 'Spring.', 'Present organization.', 'Social.', 'Plan.', 'Fight.', 'Bring.', 'They idea.']"
War ground.,Daniel Gonzalez,"['Federal.', 'Yeah I.', 'Above.', 'Score.', 'International.', 'Child.', 'Need.', 'Kind let.', 'Himself.', 'Similar.', 'Family.', 'Resource voice.', 'Fire deal.', 'Guess how.']"
Live.,Mark Long,"['Much.', 'But for.', 'Enough.', 'Company.', 'Turn.']"
Half.,Shelley Holmes,"['Eye majority.', 'Light.', 'Or.', 'Bit.', 'Produce.', 'Party.', 'Land benefit.', 'Close action.', 'Training manager.', 'Go card.', 'Among.', 'Direction baby.', 'Parent movement.', 'Into hot.']"
Carry career.,Nicholas Jordan,"['Best can.', 'Security girl.', 'Few five.', 'Painting get.', 'Exactly.', 'Social.', 'Hour.', 'Describe.', 'Case find.', 'Mission.', 'Tree.']"
Card ahead.,Robin Watson,"['Bit.', 'Present.', 'Democrat us.', 'When.', 'Culture ever.', 'Last.', 'Democratic.', 'Several.', 'Consumer.', 'Successful.']"
Factor source.,Mr. Sergio Leonard Jr.,"['Seven.', 'Get each.', 'Newspaper firm.', 'International.', 'Decade land.', 'Its.', 'Feel career.', 'Order.']"
Before vote.,Sarah Rodriguez,"['Without impact.', 'Them.', 'Produce.', 'Painting get.', 'Fact.', 'Beautiful.', 'Decade land.', 'College.']"
Current page.,Kayla Moss,"['Adult.', 'Carry father.', 'Area.', 'Wish throughout.', 'Seat.', 'Well.', 'Look.', 'Its.', 'Look.', 'Raise market.', 'He tend.']"
