nome,email,data_registro
Michelle Moore PhD,ksmith@example.org,2024-02-01
Rebecca Woodard,victoria43@example.com,2024-03-09
Jennifer Morgan,dominique61@example.net,2024-04-15
Stacy Porter,calderoneric@example.org,2024-05-06
John Brown,nicholas20@example.net,2024-03-03
Natalie Levy,tammy89@example.org,2024-04-03
Emily Tucker,bwashington@example.net,2024-03-24
Donald Coffey,thomaschristopher@example.net,2024-03-01
Rebecca Tyler,patriciavaldez@example.com,2024-01-12
Dr. Jill Rhodes DVM,jonesdale@example.com,2024-03-27
Michael Smith,jonesbrian@example.org,2024-04-13
Mr. Benjamin Hamilton,alane@example.com,2024-05-05
David Norton,brittany33@example.com,2024-10-20
Terry Gibbs,christy68@example.net,2024-05-23
Kristina Sellers,victorwang@example.net,2024-09-01
Douglas Lopez,ochoadesiree@example.net,2024-03-25
Lisa Green,simongary@example.org,2024-10-20
Gregory Roberts,mark42@example.org,2024-09-29
Ashley Morales,jrodgers@example.com,2024-09-11
Christopher Martinez,jamesdavid@example.org,2024-03-06
Chris Schultz,jwalters@example.com,2024-10-07
Melissa Cook,gsmith@example.org,2024-06-21
Janet Yu,thompsonamanda@example.net,2024-09-11
Erin Cook,michael93@example.net,2024-01-22
Priscilla Williams,janet84@example.com,2024-10-05
Chloe Anderson,lauraward@example.com,2024-04-05
Mark Gilbert,tmurray@example.com,2024-09-06
Victoria Sullivan,vaughanbradley@example.org,2024-06-19
Anthony Herrera,wpeterson@example.com,2024-03-10
Kathy Silva,marshallrobert@example.org,2024-04-13
Derek Simpson,christopherwade@example.net,2024-04-20
Kelly Johnson,tammygross@example.net,2024-07-06
Leroy Peterson,chadruiz@example.net,2024-04-14
Chase Orozco,dannymclean@example.com,2024-02-13
Melissa Madden,stephenyates@example.org,2024-07-14
Angel Green,qwhite@example.org,2024-01-14
Tyler Sparks,michaelmorgan@example.net,2024-07-11
Megan Huff,melissajuarez@example.com,2024-01-17
Patrick Rodriguez,fward@example.com,2024-09-13
Richard Powell,katherinejones@example.net,2024-06-25
Mary Gonzalez,combsshawn@example.com,2024-04-01
Ashley Navarro,rhowell@example.org,2024-10-08
Erica Hill,veronica79@example.org,2024-05-11
Thomas Phillips,johnsoneric@example.net,2024-09-30
Ashley Bradley,jorgegeorge@example.net,2024-02-19
Monica Singh,branchjames@example.com,2024-08-28
Brooke Rose,knightrebecca@example.net,2024-08-28
Joseph Williams,bishopamanda@example.com,2024-10-15
Leslie Taylor,marcusritter@example.org,2024-10-02
Debra Murray,ohorton@example.net,2024-03-24
Thomas Bolton,kelseyewing@example.org,2024-08-24
Laura Jones,holmestimothy@example.org,2024-02-24
Latasha Carson,jillmiller@example.org,2024-03-09
Haley Holt,smithrenee@example.org,2024-10-14
James Ellison,sheryl06@example.com,2024-03-29
Katrina Pace,kaiserstephen@example.net,2024-10-14
Laurie Jefferson,williamsraymond@example.org,2024-02-21
Craig Sloan,morrowbradley@example.net,2024-09-30
Alan Morse,brownshawn@example.org,2024-05-15
Debbie Martinez DDS,ashleyhudson@example.net,2024-07-08
Ms. Kim Jones,brittany20@example.net,2024-02-03
Robert Henderson,nicolascarter@example.com,2024-04-24
Mark Long,randy46@example.net,2024-02-12
Felicia Hart,williamsalyssa@example.net,2024-03-24
Lisa Ramsey,timothymeyers@example.org,2024-01-29
Andrew Williams,justin69@example.net,2024-08-29
Holly Coleman,dmcguire@example.com,2024-02-07
Jeremy Hopkins,hsmith@example.com,2024-09-28
Jeffrey Martinez,austincharles@example.org,2024-02-08
Christopher Delacruz,cassiemorgan@example.com,2024-03-09
Sarah Rodriguez,grossdonna@example.org,2024-08-31
Joshua Hamilton,bfranklin@example.org,2024-02-03
Christina Torres,gonzalezjoseph@example.com,2024-01-13
Sheryl Nichols,lloyddanielle@example.net,2024-07-10
Tom Marsh Jr.,masseynancy@example.com,2024-07-31
Randall Haney,amy62@example.com,2024-09-11
Mr. Sergio Leonard Jr.,smithstacy@example.org,2024-08-18
Samantha Ramirez,carolclark@example.net,2024-09-18
Connor Ramos,psalazar@example.com,2024-02-21
Christopher Zuniga,andrelambert@example.com,2024-05-31
Nicole Howard,qrodriguez@example.net,2024-08-15
Debra Price,lisarobinson@example.net,2024-01-20
Casey Johnson,oking@example.net,2024-08-08
Amber Edwards,brownstacy@example.com,2024-02-29
Mark Franklin,dbest@example.org,2024-04-06
Andrew Moore,bradleyryan@example.net,2024-04-08
Abigail King,christopher17@example.net,2024-04-17
Tina Bates,lewispaul@example.org,2024-07-13
Morgan Harris,matthew92@example.net,2024-05-15
Robert Smith,ugreen@example.org,2024-10-01
Cristina Waters,dsantos@example.org,2024-02-11
Brett Martinez,harrisbrandi@example.net,2024-04-10
Yvonne Butler,carlmullins@example.com,2024-03-05
Kayla Moss,stevenhunt@example.org,2024-09-21
Brooke Hancock,curryallison@example.org,2024-07-29
Tonya Chen,carlsonsarah@example.org,2024-02-15
Garrett Krueger,christy00@example.com,2024-09-03
Jonathan Rhodes,haley47@example.com,2024-10-20
James Fisher,fchang@example.com,2024-01-21
Justin Patrick,jacksonchristopher@example.com,2024-01-03
Nicholas Jordan,sethhansen@example.org,2024-05-29
Deborah Patterson,vmoore@example.org,2024-04-25
Wayne Alvarado,wrightian@example.net,2024-05-19
William Odom,greenecharles@example.org,2024-02-09
Kevin Mitchell,asmith@example.com,2024-06-21
Carol Gibson,acostarachel@example.net,2024-07-15
Jessica Todd,rodriguezamber@example.net,2024-04-27
Amber Cervantes,amontgomery@example.net,2024-10-01
Amanda Martinez,cindysmith@example.com,2024-09-15
Richard Richardson III,samanthaunderwood@example.org,2024-08-19
Jason Davis,eschmidt@example.org,2024-01-14
Matthew Bradley,erikknox@example.com,2024-03-28
Steven Gordon,uwatson@example.org,2024-09-27
Susan Spencer,kclark@example.org,2024-08-14
Ricardo Rivera,mooresarah@example.net,2024-09-21
Karen Wilson,lambtanya@example.org,2024-09-27
Sandra Watson,valerie39@example.org,2024-06-09
Linda Li,gjames@example.net,2024-03-24
Matthew Davis,jennifer60@example.com,2024-04-06
Mr. Brett Bailey,washingtoncynthia@example.net,2024-03-18
Joseph Alexander MD,aaronrobinson@example.org,2024-09-04
Shawn Jones,williamsnichole@example.net,2024-05-06
Julie Frey,crystal81@example.com,2024-10-20
Lori Rangel,johnsonchristopher@example.org,2024-02-06
Daniel Gonzalez,gonzalesdustin@example.net,2024-01-31
Jonathan Smith,david72@example.net,2024-03-18
Laura Mcmahon,gregorymorales@example.org,2024-04-28
Dustin Morgan,robindavis@example.com,2024-06-20
Bryan Campos,idavis@example.net,2024-10-11
Tiffany Hughes,dawn32@example.com,2024-08-22
Robert Salinas,jennifer48@example.com,2024-05-17
Marissa Thomas,rachel33@example.com,2024-03-29
Robert Leblanc,stacey99@example.com,2024-07-27
Bradley Ho,kingkelly@example.net,2024-01-03
Manuel Chen,hurstmolly@example.org,2024-09-30
Rachel Ewing,cwest@example.org,2024-07-09
Jennifer Gomez,bennettbenjamin@example.com,2024-01-17
Pamela Crosby,hcowan@example.org,2024-08-09
Christine Jones,alexandra49@example.com,2024-04-10
Denise Stone,alyssabanks@example.com,2024-07-17
Jennifer Coleman,patrick48@example.net,2024-01-26
Jennifer Dean,sanchezbrian@example.org,2024-06-30
Timothy Torres,juanlarson@example.org,2024-02-26
Jennifer Mora,jcardenas@example.com,2024-03-29
Yolanda Ho,qhiggins@example.org,2024-01-03
Katelyn Anthony,sburton@example.org,2024-01-30
Lisa Mckinney,drogers@example.org,2024-04-19
Denise Anderson MD,richard19@example.com,2024-08-27
Robert Dixon,mdavis@example.com,2024-07-31
Charles Lewis,david20@example.net,2024-10-18
Keith Alexander,davisjesse@example.org,2024-09-25
Mark Anderson,albertbrown@example.org,2024-08-19
Jill Wright,gonzalezjeremy@example.org,2024-05-30
Michele Spencer,yhamilton@example.com,2024-01-02
Mrs. Erica Miller PhD,lkelley@example.net,2024-08-09
Rebecca Gonzales PhD,valenzuelatara@example.org,2024-09-05
Kristin Bullock,shannonfoster@example.com,2024-01-03
Amy Benson,haleybarber@example.com,2024-10-03
Robert Goodwin,ramseymarcus@example.com,2024-05-02
Robin Barrett,keithmelissa@example.net,2024-08-27
Amy Wood,gallegosvictor@example.org,2024-08-23
Erin Smith,greenedustin@example.net,2024-06-19
Veronica Parker,lewisjessica@example.com,2024-09-05
Lori Wilson,andrea12@example.com,2024-02-24
April Perkins,nmelton@example.org,2024-07-23
Briana Burton,laura73@example.org,2024-02-20
Hannah King,jamessampson@example.org,2024-02-18
Logan Adams,hallmelanie@example.com,2024-10-16
Christina Davis,zhopkins@example.org,2024-10-05
Janet Sparks,powellfrancisco@example.org,2024-01-23
Robin Watson,qmurray@example.com,2024-02-14
Wendy Wright,portererika@example.net,2024-04-04
Christine Foster,lrush@example.com,2024-04-27
Daniel Taylor,andreaharris@example.net,2024-03-29
Leah Weaver,rhondakennedy@example.com,2024-07-09
Cameron Medina,olee@example.org,2024-06-05
Randy Thomas,kellieclark@example.net,2024-10-05
David Adams,marcus02@example.com,2024-07-27
Gabriel Smith,watsonkristina@example.com,2024-02-21
Jessica Davis,charlesmassey@example.net,2024-06-03
Benjamin Schmidt,misty35@example.net,2024-02-19
Scott Calhoun,anne32@example.com,2024-08-06
Jennifer Stewart,melissawilliams@example.com,2024-07-03
Joel Carr,scottchad@example.net,2024-09-10
Adrian Nolan,marytaylor@example.org,2024-07-18
Scott Sanders,shaneevans@example.com,2024-08-01
Abigail Knight,fhardin@example.net,2024-02-17
John Lawrence,richardskenneth@example.net,2024-09-13
Nancy Robles,bakerwalter@example.org,2024-01-23
Jessica Carter,austin35@example.com,2024-06-03
Stephen Smith,sanchezmary@example.org,2024-06-17
Edward White,christopherhowell@example.org,2024-10-18
Nicholas Rasmussen,davidmitchell@example.net,2024-05-21
Richard Smith,emilybridges@example.com,2024-01-12
Hannah King,meyerrobin@example.org,2024-09-10
Travis Torres,wrightcalvin@example.org,2024-01-02
Stephanie Nguyen,ricelisa@example.org,2024-08-20
Shelley Holmes,kduffy@example.net,2024-03-12
Kristina Horn,whitescott@example.com,2024-07-20
Ms. Diana Ford DDS,jamesbaxter@example.org,2024-03-06
